volatile acidity,residual sugar,chlorides,free sulfur dioxide,total sulfur dioxide,density,sulphates,alcohol,quality,combined acidity
0.7,1.9,0.076,11.0,34.0,0.9978,0.56,9.4,5,0.0
0.88,2.6,0.098,25.0,67.0,0.9968,0.68,9.8,5,0.0
0.76,2.3,0.092,15.0,54.0,0.997,0.65,9.8,5,1.0171199999999998
0.28,1.9,0.075,17.0,60.0,0.998,0.58,9.8,6,19.81952
0.7,1.9,0.076,11.0,34.0,0.9978,0.56,9.4,5,0.0
0.66,1.8,0.075,13.0,40.0,0.9978,0.56,9.4,5,0.0
0.6,1.6,0.069,15.0,59.0,0.9964,0.46,9.4,5,1.5642
0.65,1.2,0.065,15.0,21.0,0.9946,0.47,10.0,7,0.0
0.58,2.0,0.073,9.0,18.0,0.9968,0.57,9.5,7,0.52416
0.5,6.1,0.071,17.0,102.0,0.9978,0.8,10.5,5,9.045
0.58,1.8,0.097,15.0,65.0,0.9959,0.54,9.2,5,1.7580799999999999
0.5,6.1,0.071,17.0,102.0,0.9978,0.8,10.5,5,9.045
0.615,1.6,0.089,16.0,59.0,0.9943,0.52,9.9,5,0.0
0.61,1.6,0.114,9.0,29.0,0.9974,1.56,9.1,5,7.374119999999999
0.62,3.8,0.176,52.0,145.0,0.9986,0.88,9.2,5,5.062320000000001
0.62,3.9,0.17,51.0,148.0,0.9986,0.93,9.2,5,5.36047
0.28,1.8,0.092,35.0,103.0,0.9969,0.75,10.5,7,15.708
0.56,1.7,0.368,16.0,56.0,0.9968,1.28,9.3,5,7.05348
0.59,4.4,0.086,6.0,29.0,0.9974,0.5,9.0,4,2.00096
0.32,1.8,0.341,17.0,56.0,0.9969,1.08,9.2,6,12.24816
0.22,1.8,0.077,29.0,60.0,0.9968,0.53,9.4,6,14.482080000000002
0.39,2.3,0.082,23.0,71.0,0.9982,0.65,9.7,5,8.29312
0.43,1.6,0.106,10.0,37.0,0.9966,0.91,9.5,5,5.25903
0.49,2.3,0.084,9.0,67.0,0.9968,0.53,9.4,5,2.96395
0.4,2.4,0.085,21.0,40.0,0.9968,0.63,9.7,6,3.3133800000000004
0.39,1.4,0.08,11.0,23.0,0.9955,0.56,9.3,5,3.36672
0.41,1.8,0.08,4.0,11.0,0.9962,0.59,9.5,5,5.982719999999999
0.43,1.6,0.106,10.0,37.0,0.9966,0.91,9.5,5,5.25903
0.71,1.9,0.08,14.0,35.0,0.9972,0.55,9.4,5,0.0
0.645,2.0,0.082,8.0,16.0,0.9964,0.59,9.8,6,0.0
0.675,2.4,0.089,17.0,82.0,0.9958,0.54,10.1,5,1.5711500000000003
0.685,2.5,0.105,22.0,37.0,0.9966,0.57,10.6,6,0.0
0.655,2.3,0.083,15.0,113.0,0.9966,0.66,9.8,5,3.15732
0.605,10.7,0.073,40.0,83.0,0.9993,0.52,9.4,6,2.8566000000000003
0.32,1.8,0.103,13.0,50.0,0.9957,0.55,9.2,5,4.394
0.645,5.5,0.086,5.0,18.0,0.9986,0.55,9.6,6,0.0
0.6,2.4,0.086,3.0,15.0,0.9975,0.6,10.8,6,3.73464
0.38,2.1,0.066,13.0,30.0,0.9968,0.73,9.7,7,7.325640000000001
1.13,1.5,0.172,7.0,19.0,0.994,0.48,9.8,4,1.7954999999999999
0.45,5.9,0.074,12.0,87.0,0.9978,0.83,10.5,5,8.75124
0.45,5.9,0.074,12.0,87.0,0.9978,0.83,10.5,5,8.75124
0.61,2.8,0.088,17.0,46.0,0.9976,0.51,9.3,4,8.606399999999999
0.49,2.6,0.332,8.0,14.0,0.9968,0.9,10.5,6,4.815
0.66,2.2,0.069,9.0,23.0,0.9968,1.2,10.3,5,5.880599999999999
0.67,1.8,0.05,5.0,11.0,0.9962,0.52,9.5,5,0.47328
0.52,2.1,0.054,8.0,65.0,0.9934,0.56,13.1,4,2.6909999999999994
0.935,2.2,0.114,22.0,114.0,0.997,0.73,9.2,5,10.760750000000002
0.29,1.6,0.113,12.0,37.0,0.9969,0.58,9.5,5,14.703
0.4,1.6,0.066,5.0,12.0,0.9958,0.56,9.2,5,4.916480000000001
0.31,1.4,0.074,12.0,96.0,0.9954,0.58,9.2,5,6.87904
0.66,1.7,0.074,4.0,23.0,0.9971,0.74,9.2,5,7.207200000000001
0.52,2.2,0.069,8.0,15.0,0.9956,0.63,9.4,6,0.8976
0.5,2.1,0.068,6.0,14.0,0.9955,0.64,9.4,6,0.89496
0.38,3.0,0.081,30.0,119.0,0.997,0.56,9.4,5,9.9072
0.51,2.8,0.11,33.0,73.0,0.9955,0.63,10.2,6,3.6137999999999995
0.62,3.8,0.084,25.0,45.0,0.9978,0.53,9.5,5,1.02872
0.42,3.4,0.07,4.0,10.0,0.9971,0.63,9.6,5,17.67456
0.63,5.1,0.111,50.0,110.0,0.9983,0.77,9.4,5,2.9339999999999997
0.59,2.3,0.076,17.0,54.0,0.9975,0.59,10.0,5,4.81572
0.39,2.4,0.074,9.0,46.0,0.9962,0.54,9.4,6,7.71683
0.4,2.2,0.079,19.0,52.0,0.998,0.64,9.2,5,12.108800000000002
0.69,1.8,0.115,20.0,112.0,0.9968,0.71,9.3,5,12.111329999999999
0.52,1.9,0.085,12.0,35.0,0.9968,0.62,9.5,7,4.056
0.735,2.0,0.081,13.0,54.0,0.9966,0.57,9.8,5,1.1865
0.725,4.65,0.086,4.0,11.0,0.9962,0.39,10.9,5,1.2276000000000002
0.725,4.65,0.086,4.0,11.0,0.9962,0.39,10.9,5,1.2276000000000002
0.52,1.5,0.079,11.0,39.0,0.9968,0.58,9.6,5,2.8215
0.705,1.6,0.076,6.0,15.0,0.9962,0.58,10.7,5,1.58928
0.32,2.0,0.074,27.0,65.0,0.9969,0.79,10.7,5,17.38728
0.705,1.9,0.074,8.0,19.0,0.9962,0.95,10.5,6,1.336
0.63,1.9,0.076,15.0,27.0,0.9967,0.54,9.5,6,2.04512
0.67,2.1,0.088,17.0,96.0,0.9962,0.48,9.5,5,5.87972
0.69,1.9,0.084,18.0,94.0,0.9961,0.48,9.5,5,5.60714
0.675,2.1,0.084,11.0,43.0,0.9976,0.53,9.2,4,7.1429800000000006
0.32,2.5,0.094,28.0,83.0,0.9984,0.82,9.6,5,17.18064
0.41,2.2,0.093,9.0,42.0,0.9986,0.66,10.5,5,19.937280000000005
0.41,2.2,0.093,9.0,42.0,0.9986,0.66,10.5,5,19.937280000000005
0.785,2.4,0.104,14.0,30.0,0.9966,0.55,10.7,6,0.0
0.75,2.0,0.086,12.0,80.0,0.9958,0.52,10.1,5,2.71752
0.625,1.5,0.08,27.0,119.0,0.9972,1.12,9.1,4,5.245600000000001
0.45,1.6,0.069,3.0,15.0,0.9958,0.56,9.2,5,4.228400000000001
0.43,1.9,0.464,22.0,67.0,0.9974,1.28,9.4,5,17.089799999999997
0.5,2.0,0.086,21.0,73.0,0.997,0.57,9.1,5,11.68608
0.67,1.8,0.401,16.0,51.0,0.9969,1.14,9.4,5,5.997680000000001
0.3,1.8,0.069,18.0,61.0,0.9959,0.78,10.3,6,10.40256
0.55,2.2,0.076,19.0,40.0,0.9961,0.59,10.1,5,3.5293500000000004
0.49,1.9,0.11,20.0,136.0,0.9972,1.95,9.9,6,7.055440000000001
0.49,1.9,0.062,9.0,31.0,0.9966,0.64,9.6,5,6.78678
0.39,2.1,0.107,34.0,125.0,0.9978,1.22,9.5,5,12.848880000000001
0.62,1.8,0.076,8.0,24.0,0.9978,0.53,9.0,5,1.9488
0.52,1.9,0.079,42.0,140.0,0.9964,0.54,9.5,5,6.63442
0.49,1.9,0.11,20.0,136.0,0.9972,1.95,9.9,6,7.055440000000001
0.49,2.0,0.11,19.0,133.0,0.9972,1.98,9.8,5,7.30742
0.49,1.9,0.062,9.0,31.0,0.9966,0.64,9.6,5,6.78678
1.02,1.4,0.045,41.0,85.0,0.9938,0.48,10.5,4,0.75
0.6,2.3,0.058,17.0,106.0,0.9932,0.6,12.9,6,3.0761500000000006
0.775,3.0,0.102,8.0,23.0,0.9965,0.56,10.7,5,0.0
0.5,2.0,0.07,3.0,22.0,0.9963,0.63,9.2,5,5.6875
0.9,2.5,0.079,5.0,10.0,0.9967,0.56,9.8,5,1.5458399999999999
0.545,1.9,0.08,13.0,35.0,0.9972,0.59,9.0,6,4.811399999999999
0.61,2.1,0.084,11.0,50.0,0.9972,0.61,10.2,6,8.466000000000001
0.5,1.9,0.075,8.0,22.0,0.9959,0.56,10.4,6,7.7454
0.545,1.9,0.08,13.0,35.0,0.9972,0.59,9.0,6,4.811399999999999
0.575,2.1,0.077,12.0,65.0,0.9967,0.51,9.2,5,5.86278
0.49,2.2,0.07,5.0,36.0,0.996,0.48,9.4,5,5.75424
0.575,2.1,0.077,12.0,65.0,0.9967,0.51,9.2,5,5.86278
0.41,1.7,0.467,18.0,69.0,0.9973,1.31,9.3,5,16.33632
0.63,1.7,0.088,15.0,64.0,0.9969,0.79,9.3,5,6.65012
0.33,2.5,0.091,18.0,80.0,0.9976,0.8,9.6,6,14.288800000000002
0.785,2.0,0.122,37.0,153.0,0.9969,0.69,9.3,5,13.52052
0.56,1.8,0.104,12.0,47.0,0.9964,0.93,9.5,5,4.72758
0.62,2.2,0.084,11.0,108.0,0.9964,0.66,9.8,5,2.3814
0.6,2.2,0.085,14.0,111.0,0.9964,0.66,9.8,5,2.6460000000000004
0.31,2.3,0.08,22.0,46.0,0.9988,0.67,9.7,6,14.754079999999998
0.56,1.8,0.104,12.0,47.0,0.9964,0.93,9.5,5,4.72758
0.4,2.2,0.09,13.0,62.0,0.9966,0.63,10.5,6,8.94598
0.54,1.9,0.077,11.0,40.0,0.9978,0.61,10.0,6,7.878360000000002
0.56,2.0,0.082,7.0,28.0,0.997,0.5,9.4,6,3.1543200000000002
0.55,2.2,0.119,14.0,56.0,0.9962,0.6,10.9,6,1.12992
0.69,1.8,0.097,22.0,89.0,0.9959,0.54,9.2,6,1.8704
1.07,1.7,0.178,10.0,89.0,0.9962,0.57,9.0,5,2.1681
0.55,2.2,0.119,14.0,56.0,0.9962,0.6,10.9,6,1.12992
0.695,2.5,0.075,3.0,13.0,0.998,0.52,9.2,5,0.0
0.71,2.6,0.08,11.0,34.0,0.9976,0.53,9.5,5,0.0
0.5,1.6,0.082,21.0,102.0,0.996,0.48,9.5,5,4.49514
0.62,1.9,0.146,27.0,90.0,0.9984,0.7,9.4,5,1.1376000000000002
1.33,1.7,0.081,3.0,12.0,0.9964,0.49,10.9,5,0.0
1.33,1.8,0.082,3.0,12.0,0.9964,0.48,10.9,5,0.0
0.59,1.8,0.065,3.0,16.0,0.9962,0.92,10.5,7,4.3776
0.38,1.8,0.072,6.0,19.0,0.9955,0.57,9.4,5,3.1292999999999997
0.745,2.0,0.118,30.0,134.0,0.9968,0.66,9.4,5,14.515200000000002
0.5,2.3,0.049,17.0,99.0,0.9937,0.63,13.0,5,1.8295199999999998
0.5,2.3,0.049,17.0,99.0,0.9937,0.63,13.0,5,1.8295199999999998
0.5,1.5,0.06,17.0,26.0,0.9952,0.58,9.8,6,0.2244
1.04,2.2,0.084,13.0,29.0,0.9959,0.55,9.9,6,1.2719000000000003
0.745,1.9,0.09,16.0,63.0,0.9965,0.82,9.6,5,2.9475599999999997
0.715,1.8,0.089,10.0,52.0,0.9968,0.77,9.5,5,4.02135
0.415,2.0,0.081,13.0,45.0,0.9972,0.64,9.2,5,9.02016
0.56,2.1,0.081,15.0,105.0,0.9962,0.54,9.5,5,4.93506
0.56,2.0,0.081,17.0,108.0,0.9962,0.54,9.5,5,4.92024
0.745,1.9,0.09,16.0,63.0,0.9965,0.82,9.6,5,2.9475599999999997
0.715,1.8,0.089,10.0,52.0,0.9968,0.77,9.5,5,4.02135
0.34,1.8,0.05,27.0,63.0,0.9916,0.79,14.0,6,0.0
0.39,1.7,0.066,3.0,20.0,0.9954,0.58,9.4,5,1.68336
0.34,1.8,0.05,27.0,63.0,0.9916,0.79,14.0,6,0.0
0.67,1.8,0.117,32.0,141.0,0.9968,0.62,9.4,5,14.12235
0.68,1.8,0.087,21.0,94.0,0.9944,0.52,10.0,5,0.41064
0.49,1.6,0.236,10.0,88.0,0.9968,0.8,9.3,5,6.14536
0.49,2.3,0.074,12.0,30.0,0.9959,0.58,10.2,6,2.3598
0.4,2.8,0.089,11.0,43.0,0.9975,0.61,10.5,6,12.736239999999997
0.33,2.1,0.077,5.0,11.0,0.9958,0.53,10.3,6,11.425229999999999
0.52,3.4,0.61,32.0,69.0,0.9996,2.0,9.4,4,25.208
0.6,1.8,0.095,25.0,99.0,0.995,0.54,10.1,5,0.7537499999999999
0.6,1.8,0.095,25.0,99.0,0.995,0.54,10.1,5,0.7537499999999999
0.43,5.5,0.07,29.0,129.0,0.9973,0.72,10.5,5,10.19844
0.43,5.5,0.071,28.0,128.0,0.9973,0.71,10.5,5,10.19844
0.43,5.5,0.07,29.0,129.0,0.9973,0.72,10.5,5,10.19844
0.43,5.5,0.071,28.0,128.0,0.9973,0.71,10.5,5,10.19844
0.68,2.2,0.073,12.0,22.0,0.9969,0.5,9.3,5,0.0
0.6,1.9,0.079,18.0,86.0,0.9968,0.57,9.3,6,4.394159999999999
0.95,2.0,0.09,7.0,20.0,0.9959,0.56,9.6,5,0.7296
0.68,1.3,0.072,9.0,20.0,0.9965,1.08,9.2,4,0.48184
0.53,1.7,0.076,17.0,31.0,0.9964,0.56,10.0,6,1.03896
0.6,7.3,0.07,36.0,121.0,0.9982,0.49,9.4,5,6.483880000000001
0.59,7.2,0.07,35.0,121.0,0.9981,0.49,9.4,5,6.39626
0.63,1.7,0.1,14.0,96.0,0.9961,0.62,9.5,5,11.943359999999998
0.64,2.1,0.085,18.0,101.0,0.9956,0.52,10.2,5,2.2712
0.55,1.6,0.072,17.0,42.0,0.9956,0.48,9.0,4,0.73803
0.63,2.1,0.089,11.0,44.0,0.9953,0.55,10.4,6,1.65172
0.705,1.8,0.36,15.0,63.0,0.9964,1.59,9.5,5,5.3999999999999995
0.885,1.8,0.058,4.0,8.0,0.9972,0.33,9.1,4,0.79632
0.42,2.0,0.073,6.0,18.0,0.9972,0.61,9.2,6,4.4744
0.42,2.0,0.073,6.0,18.0,0.9972,0.61,9.2,6,4.4744
0.62,1.9,0.068,24.0,42.0,0.9961,0.57,11.5,6,1.2654
0.38,2.0,0.08,7.0,35.0,0.9961,0.47,9.5,5,5.10489
0.5,1.5,0.085,19.0,49.0,0.9958,0.78,9.5,5,0.9246000000000001
0.38,2.0,0.08,7.0,35.0,0.9961,0.47,9.5,5,5.10489
0.52,2.3,0.087,8.0,38.0,0.9972,0.61,10.5,6,11.277000000000001
0.805,2.5,0.068,7.0,20.0,0.9969,0.56,9.6,5,0.0
0.61,2.4,0.067,10.0,42.0,0.9969,0.59,9.5,5,3.9300800000000007
0.61,2.4,0.067,10.0,42.0,0.9969,0.59,9.5,5,3.9300800000000007
0.61,2.0,0.27,23.0,110.0,0.9972,1.02,9.3,5,13.60632
0.73,2.5,0.076,16.0,42.0,0.9972,0.52,9.3,5,0.49536
0.61,1.8,0.077,11.0,65.0,0.9971,0.58,9.3,5,4.8144
0.62,1.9,0.079,8.0,62.0,0.997,0.58,9.3,6,4.95264
0.31,2.0,0.111,26.0,85.0,0.9971,0.53,9.7,5,16.537979999999997
0.39,2.0,0.082,14.0,67.0,0.9972,0.55,9.2,5,11.86368
0.705,2.6,0.084,9.0,26.0,0.9976,0.49,9.7,5,2.6103000000000005
0.5,2.0,0.084,15.0,143.0,0.9968,0.55,9.5,5,8.342400000000001
0.49,1.9,0.082,17.0,144.0,0.9968,0.55,9.5,5,8.0896
0.5,2.9,0.077,21.0,127.0,0.9976,0.62,9.4,5,9.270099999999998
0.37,1.9,0.074,21.0,49.0,0.9974,0.62,9.8,6,5.712
0.63,3.8,0.099,16.0,126.0,0.9969,0.61,9.5,5,2.6764799999999997
0.55,2.2,0.071,7.0,28.0,0.9964,0.55,9.7,5,5.2348799999999995
0.55,2.2,0.071,7.0,28.0,0.9964,0.55,9.7,5,5.2348799999999995
0.59,2.0,0.074,24.0,120.0,0.9968,0.54,9.4,5,8.365499999999999
0.58,2.4,0.074,15.0,55.0,0.9968,0.59,10.2,5,7.577399999999999
0.3,2.0,0.067,12.0,27.0,0.9981,0.97,10.1,6,21.459
0.835,1.2,0.046,13.0,93.0,0.9924,0.85,13.0,7,1.5422399999999998
1.09,2.1,0.061,12.0,31.0,0.9948,0.43,11.4,4,1.45314
0.32,1.4,0.056,9.0,24.0,0.99695,0.82,10.3,7,14.52864
0.37,2.1,0.097,39.0,145.0,0.9975,1.03,9.3,5,12.84096
0.5,1.5,0.075,16.0,49.0,0.99545,0.79,9.5,5,2.51328
0.42,1.6,0.088,16.0,39.0,0.9961,0.55,9.2,5,8.183
0.43,1.6,0.089,14.0,37.0,0.99615,0.56,9.2,6,8.416799999999999
0.3,2.6,0.095,9.0,28.0,0.9994,0.77,10.8,7,30.310400000000005
0.3,2.6,0.095,9.0,28.0,0.9994,0.77,10.8,7,30.310400000000005
0.57,1.8,0.069,26.0,120.0,0.99625,0.53,9.3,5,7.95522
0.44,2.7,0.1,18.0,95.0,0.9966,0.67,9.4,5,7.0324800000000005
0.3,2.1,0.054,7.0,19.0,0.998,0.88,10.5,7,21.1178
0.53,2.0,0.039,5.0,19.0,0.99585,0.86,12.4,6,19.206
0.725,2.8,0.083,10.0,62.0,0.99685,0.56,10.0,6,6.4319999999999995
0.44,2.1,0.059,5.0,15.0,0.998,0.67,10.2,6,23.831039999999998
0.57,2.2,0.06,28.0,65.0,0.9959,0.43,10.1,5,7.035599999999999
0.735,2.4,0.092,10.0,41.0,0.9974,0.71,9.8,6,2.02176
0.49,5.6,0.06,26.0,121.0,0.9974,0.76,10.5,5,11.456199999999999
0.625,2.0,0.101,13.0,49.0,0.9962,0.57,11.0,5,4.37088
0.725,2.2,0.072,11.0,41.0,0.9967,0.55,9.1,5,5.987519999999999
0.49,1.9,0.076,10.0,44.0,0.9957,0.54,9.7,5,4.83075
0.53,2.4,0.08,24.0,144.0,0.99655,0.6,9.5,5,8.4942
0.34,2.0,0.082,24.0,58.0,0.9964,0.59,9.4,6,9.63924
0.53,2.0,0.101,16.0,72.0,0.9957,0.57,9.4,5,6.0606
0.61,1.5,0.057,5.0,10.0,0.99525,0.6,9.5,5,0.9302400000000001
0.645,2.0,0.083,8.0,28.0,0.99815,0.6,10.0,6,7.052
0.635,2.0,0.089,15.0,55.0,0.99745,0.57,10.4,4,10.00944
0.43,2.6,0.073,29.0,63.0,0.99615,0.58,10.5,6,6.48725
0.59,2.0,0.337,27.0,81.0,0.9964,1.61,9.5,6,13.528
0.82,2.6,0.089,9.0,23.0,0.9984,0.63,9.8,5,4.271400000000001
0.43,2.6,0.073,29.0,63.0,0.99615,0.58,10.5,6,6.48725
0.52,2.6,0.081,10.0,37.0,0.99685,0.5,11.0,5,5.968500000000001
0.48,1.6,0.054,19.0,106.0,0.9927,0.62,12.2,7,0.7363200000000001
0.38,1.8,0.078,12.0,49.0,0.99625,0.52,9.9,6,1.6176
0.37,2.8,0.09,18.0,58.0,0.998,0.7,9.6,6,5.678000000000001
0.52,2.6,0.081,10.0,37.0,0.99685,0.5,11.0,5,5.968500000000001
1.0,2.3,0.065,7.0,37.0,0.99685,0.55,9.0,6,2.4501599999999994
0.63,1.9,0.097,14.0,38.0,0.99675,0.58,9.0,6,0.0
0.63,1.9,0.097,14.0,38.0,0.99675,0.58,9.0,6,0.0
0.645,1.9,0.097,15.0,39.0,0.99675,0.58,9.2,6,0.0
0.63,1.9,0.097,14.0,38.0,0.99675,0.58,9.0,6,0.0
1.0,2.3,0.065,7.0,37.0,0.99685,0.55,9.0,6,2.4501599999999994
0.635,1.7,0.263,5.0,62.0,0.9971,1.09,9.3,5,9.879000000000001
0.38,2.1,0.093,6.0,24.0,0.99925,0.71,10.9,6,21.100800000000003
0.58,1.8,0.102,28.0,109.0,0.99565,0.49,9.8,6,2.3716000000000004
0.21,2.2,0.075,10.0,24.0,1.00005,0.84,9.2,7,20.262
0.21,2.2,0.075,10.0,24.0,1.00005,0.84,9.2,7,20.262
0.66,2.0,0.084,6.0,23.0,0.9983,0.96,9.9,6,0.0
0.68,1.9,0.075,16.0,51.0,0.99685,0.52,9.5,5,1.67986
0.6,2.3,0.072,11.0,73.0,0.9963,0.45,9.3,5,4.4608
0.53,1.7,0.074,9.0,39.0,0.99615,0.48,9.8,6,1.5477
0.66,2.0,0.084,6.0,23.0,0.9983,0.96,9.9,6,0.0
0.32,1.6,0.063,16.0,37.0,0.9985,0.78,10.0,6,15.301440000000001
0.6,1.8,0.074,16.0,34.0,0.9972,0.7,9.9,6,0.0
0.35,3.1,0.09,5.0,21.0,0.9986,0.53,10.5,5,16.88976
0.775,1.9,0.092,8.0,86.0,0.9959,0.59,9.5,5,10.44582
0.6,1.8,0.074,16.0,34.0,0.9972,0.7,9.9,6,0.0
0.57,3.2,0.073,17.0,119.0,0.99675,0.57,9.3,5,5.9984
0.34,2.2,0.075,5.0,13.0,0.998,0.62,9.2,5,11.199160000000001
0.695,2.1,0.075,12.0,56.0,0.9968,0.67,9.2,5,0.0
0.41,1.8,0.611,8.0,45.0,0.9968,1.26,9.4,5,17.907120000000003
0.31,2.6,0.085,14.0,33.0,0.99965,0.8,10.5,7,15.792
0.33,1.7,0.077,18.0,45.0,0.99625,0.65,9.3,5,5.977930000000001
0.975,2.0,0.087,12.0,67.0,0.99565,0.6,9.4,4,0.938
0.52,1.7,0.07,10.0,35.0,0.99575,0.57,10.0,5,0.8016
0.37,1.8,0.077,23.0,49.0,0.9963,0.67,9.3,5,5.95976
0.56,2.4,0.064,5.0,27.0,0.9999,0.87,10.9,5,18.865
0.26,1.8,0.071,6.0,10.0,0.9968,0.72,10.2,7,19.635200000000005
0.87,3.3,0.096,26.0,61.0,1.00025,0.72,9.8,4,0.0
0.35,3.6,0.078,15.0,37.0,0.9973,0.86,12.8,8,12.173900000000001
0.54,3.0,0.077,7.0,27.0,0.9987,0.91,9.4,6,1.01844
0.18,4.0,0.104,4.0,23.0,0.9996,0.97,10.1,6,19.2372
0.545,4.0,0.087,27.0,61.0,0.9965,0.67,10.7,6,1.59264
0.18,4.0,0.104,4.0,23.0,0.9996,0.97,10.1,6,19.2372
0.37,4.0,0.071,17.0,65.0,0.99935,0.78,10.1,5,20.356840000000002
0.715,2.4,0.076,10.0,38.0,0.99735,0.64,9.4,5,5.5608
0.65,7.0,0.088,27.0,94.0,0.99915,0.77,9.4,5,4.563
0.545,4.0,0.087,27.0,61.0,0.9965,0.67,10.7,6,1.59264
0.54,3.0,0.077,7.0,27.0,0.9987,0.91,9.4,6,1.01844
0.18,4.0,0.104,4.0,23.0,0.9996,0.97,10.1,6,19.2372
0.32,6.4,0.073,5.0,13.0,0.9976,0.82,12.6,8,14.971050000000004
0.4,5.6,0.087,10.0,47.0,0.9991,0.77,10.5,7,9.626240000000001
0.26,3.6,0.071,6.0,19.0,0.9986,0.82,9.3,6,15.649920000000002
0.27,3.5,0.358,5.0,10.0,0.9972,1.08,9.9,7,17.017000000000003
0.52,3.0,0.067,12.0,53.0,0.9971,0.57,9.1,5,3.0643199999999995
0.4,5.6,0.087,10.0,47.0,0.9991,0.77,10.5,7,9.626240000000001
0.59,3.4,0.102,32.0,71.0,1.00015,0.71,9.8,5,2.2938300000000003
0.59,3.4,0.102,32.0,71.0,1.00015,0.71,9.8,5,2.2938300000000003
0.45,2.0,0.073,25.0,49.0,0.9997,0.76,10.3,6,20.460000000000004
0.4,3.0,0.092,29.0,53.0,0.9967,0.7,10.3,6,3.0330000000000004
0.52,2.5,0.091,20.0,49.0,0.9976,0.86,10.6,7,2.6152199999999994
0.42,3.3,0.105,33.0,98.0,1.001,0.95,9.2,5,19.6736
0.52,2.5,0.091,20.0,49.0,0.9976,0.86,10.6,7,2.6152199999999994
0.2,2.0,0.343,6.0,18.0,0.9979,0.71,10.5,5,17.424
0.55,2.7,0.091,18.0,48.0,0.9994,0.64,10.3,6,7.7022400000000015
0.36,2.4,0.098,5.0,16.0,0.9964,0.6,10.1,6,5.882250000000001
0.34,3.2,0.094,17.0,53.0,1.0014,0.81,9.5,6,21.093799999999998
0.5,2.5,0.073,5.0,27.0,1.0001,0.64,9.5,5,15.1524
0.83,2.6,0.086,26.0,70.0,0.9981,0.52,9.9,5,12.39352
0.63,2.0,0.083,8.0,29.0,0.99855,0.73,9.6,5,1.5634199999999998
0.65,2.3,0.094,5.0,31.0,0.9993,0.8,9.7,5,0.52848
0.67,2.1,0.08,8.0,33.0,0.99845,0.71,9.6,5,1.5235200000000002
0.53,2.6,0.086,20.0,44.0,0.9965,0.59,10.7,6,1.521
0.18,1.5,0.068,7.0,15.0,0.9973,0.64,10.1,6,17.15616
0.705,2.6,0.092,12.0,28.0,0.9994,0.72,10.0,5,3.4959599999999997
0.67,1.6,0.186,5.0,21.0,0.996,0.54,9.5,5,3.01032
0.65,2.1,0.112,12.0,90.0,0.9973,0.52,9.2,5,16.128
0.53,2.5,0.063,6.0,25.0,0.9998,0.59,9.3,6,15.42528
0.62,2.2,0.082,7.0,54.0,0.9966,0.52,9.4,5,8.17152
0.41,2.4,0.213,6.0,14.0,0.9994,0.62,9.5,6,13.79994
0.43,2.4,0.214,5.0,12.0,0.9994,0.63,9.5,6,14.45708
0.29,1.7,0.062,9.0,30.0,0.9968,0.53,9.5,6,9.588920000000002
0.53,2.5,0.063,6.0,25.0,0.9998,0.59,9.3,6,15.42528
0.53,2.0,0.072,15.0,105.0,0.996,0.54,9.4,6,6.1999200000000005
0.46,2.8,0.093,19.0,98.0,0.99815,0.63,9.5,6,9.2628
0.47,3.0,0.076,30.0,135.0,0.9976,0.53,9.4,5,8.514
0.36,2.6,0.087,26.0,72.0,0.99645,0.68,11.0,5,7.27494
0.35,2.5,0.096,20.0,53.0,0.9962,0.65,11.0,6,7.041779999999999
0.56,3.4,0.102,37.0,92.0,0.9996,0.65,10.1,5,7.2863999999999995
0.77,2.9,0.082,30.0,74.0,0.99865,0.64,10.4,6,3.801599999999999
0.66,3.2,0.083,21.0,59.0,0.9989,0.71,11.5,7,12.880140000000003
0.77,2.9,0.082,30.0,74.0,0.99865,0.64,10.4,6,3.801599999999999
0.66,3.2,0.083,21.0,59.0,0.9989,0.71,11.5,7,12.880140000000003
0.61,3.4,0.09,25.0,87.0,0.99975,0.62,9.7,5,7.834320000000002
0.62,2.3,0.079,6.0,18.0,0.99735,0.63,9.3,5,1.2831000000000001
0.59,2.8,0.09,35.0,73.0,0.999,0.7,9.5,6,14.189279999999998
0.49,11.0,0.071,13.0,50.0,1.0015,0.69,9.2,6,6.32
0.49,11.0,0.071,13.0,50.0,1.0015,0.69,9.2,6,6.32
0.53,3.65,0.121,6.0,14.0,0.9978,0.74,11.5,7,23.3508
0.44,4.5,0.107,5.0,13.0,0.998,0.83,11.5,5,16.892
0.27,2.6,0.082,6.0,21.0,1.0002,0.67,9.7,6,26.25328
0.46,2.0,0.061,7.0,15.0,0.9981,0.62,9.5,5,13.27014
0.36,2.9,0.122,10.0,41.0,0.998,0.66,12.5,6,21.08544
0.36,2.9,0.122,10.0,41.0,0.998,0.66,12.5,6,21.08544
0.58,3.2,0.066,21.0,114.0,0.9973,0.54,9.4,6,7.212800000000001
0.56,2.1,0.105,16.0,44.0,0.9958,0.52,11.0,5,2.1033600000000003
0.65,2.5,0.078,17.0,38.0,0.9963,0.74,11.7,7,0.26386
0.695,3.4,0.128,7.0,21.0,0.9992,0.84,12.2,7,19.993190000000002
0.43,1.9,0.052,6.0,16.0,0.9948,0.7,12.5,6,13.41675
0.43,2.8,0.08,29.0,58.0,0.9974,0.64,10.3,5,8.26176
0.49,3.0,0.103,28.0,99.0,1.0008,1.0,11.5,6,22.72672
0.28,2.3,0.082,12.0,29.0,0.9997,1.36,9.8,7,20.9925
0.34,2.4,0.066,10.0,21.0,1.0,1.18,9.2,6,19.032
0.42,2.7,0.065,5.0,18.0,0.9972,0.87,11.3,6,16.332479999999997
0.39,1.8,0.118,6.0,14.0,0.9982,0.75,9.8,6,16.9059
0.39,1.8,0.118,6.0,14.0,0.9982,0.75,9.8,6,16.9059
0.57,2.6,0.082,6.0,32.0,1.0006,0.78,10.7,6,18.564
0.685,1.9,0.067,40.0,63.0,0.9979,0.81,9.9,5,0.0
0.815,2.7,0.072,17.0,34.0,0.9955,0.89,12.3,7,0.47256000000000004
0.49,3.0,0.093,6.0,15.0,0.9986,0.93,12.0,6,27.92292
0.56,2.8,0.089,15.0,46.0,0.9979,0.92,10.0,6,9.25536
0.785,2.6,0.093,11.0,28.0,0.9994,0.86,9.4,6,0.0
0.67,2.7,0.107,17.0,34.0,1.0004,0.98,9.9,6,7.721119999999999
0.795,2.6,0.096,11.0,26.0,0.9994,0.83,9.4,6,0.0
0.665,2.4,0.09,8.0,19.0,0.9974,0.73,9.3,5,0.0
0.53,4.8,0.12,23.0,77.0,1.0018,0.77,13.0,5,33.9147
0.21,1.4,0.066,40.5,165.0,0.9912,0.59,11.9,6,7.93
0.75,2.4,0.078,17.0,32.0,0.9955,0.61,12.8,6,0.23785
0.41,3.0,0.08,29.0,55.0,1.0001,0.88,11.0,5,19.494799999999998
0.42,2.95,0.116,12.0,29.0,0.997,0.75,11.7,7,22.453200000000002
0.43,3.1,0.109,10.0,23.0,1.0,0.85,10.4,7,24.7401
0.38,2.6,0.088,10.0,41.0,1.001,0.68,9.8,6,26.361720000000002
0.7,2.0,0.099,14.0,81.0,0.9973,0.7,9.4,5,6.01634
0.45,2.6,0.086,21.0,50.0,0.9982,0.91,9.9,6,8.98442
0.58,2.5,0.072,6.0,37.0,0.9992,0.56,10.0,5,23.954700000000003
0.46,2.0,0.071,6.0,15.0,0.9988,0.87,10.2,5,23.54625
0.615,5.8,0.083,7.0,42.0,1.0022,0.73,10.0,7,25.93536
0.42,3.4,0.107,7.0,21.0,0.9979,0.93,11.8,6,16.299999999999997
0.615,5.8,0.083,7.0,42.0,1.0022,0.73,10.0,7,25.93536
0.575,2.6,0.076,11.0,24.0,1.0,0.69,9.0,5,20.047040000000003
0.34,2.8,0.159,15.0,75.0,0.9998,0.64,9.4,5,17.032080000000004
0.27,2.4,0.074,6.0,18.0,0.9962,1.13,12.0,7,15.942400000000001
0.765,2.3,0.063,35.0,63.0,0.9975,0.78,9.9,5,0.49266
0.24,1.6,0.056,11.0,25.0,0.9967,0.87,8.7,6,10.491200000000001
0.28,1.8,0.067,26.0,46.0,0.9967,1.04,10.6,6,14.501759999999997
0.55,2.2,0.106,12.0,72.0,0.9959,0.63,9.2,5,4.9654
0.41,3.8,0.089,6.0,47.0,1.0014,0.81,10.8,6,26.5482
0.54,4.4,0.124,6.0,15.0,0.9984,0.83,11.8,7,24.576649999999994
0.45,3.0,0.078,19.0,47.0,1.0003,1.11,11.0,6,18.744999999999997
0.27,2.4,0.074,6.0,18.0,0.9962,1.13,12.0,7,15.942400000000001
0.625,6.2,0.088,6.0,24.0,0.9988,0.99,13.3,6,23.39964
0.42,2.5,0.094,24.0,60.0,0.9979,0.7,10.8,6,10.43974
0.26,2.0,0.08,11.0,27.0,0.9974,0.8,9.4,6,11.190059999999999
0.415,2.9,0.085,17.0,43.0,1.0014,0.8,10.0,6,28.50696
0.26,2.0,0.08,11.0,27.0,0.9974,0.8,9.4,6,11.190059999999999
0.26,2.0,0.08,11.0,27.0,0.9974,0.8,9.4,6,11.190059999999999
0.51,2.1,0.087,23.0,54.0,0.998,0.74,9.2,5,7.373520000000001
0.63,2.4,0.09,11.0,37.0,0.9979,0.76,9.7,6,1.7767400000000002
0.54,2.0,0.088,23.0,48.0,0.9981,0.74,9.2,6,6.91548
0.66,1.9,0.079,17.0,42.0,0.9972,0.54,9.6,6,4.120950000000001
0.46,1.9,0.088,23.0,53.0,0.9981,0.74,9.2,6,6.956040000000001
0.38,2.5,0.096,16.0,49.0,0.9982,0.7,10.0,7,9.49344
0.85,1.4,0.045,12.0,88.0,0.9924,0.82,12.9,8,0.9968
0.415,2.9,0.085,17.0,43.0,1.0014,0.8,10.0,6,28.50696
0.37,2.0,0.082,6.0,26.0,0.998,0.51,9.5,5,15.709200000000001
0.665,2.0,0.112,13.0,95.0,0.997,0.54,9.1,5,16.191840000000003
0.6,2.3,0.063,6.0,25.0,0.9997,0.57,9.9,5,25.012649999999997
0.37,4.2,0.066,7.0,38.0,1.0004,0.6,13.0,7,29.366400000000002
0.735,7.9,0.122,68.0,124.0,0.9994,0.53,9.9,5,0.45804
0.59,2.6,0.087,13.0,49.0,0.9988,0.65,11.0,6,21.5763
0.59,2.6,0.087,13.0,49.0,0.9988,0.65,11.0,6,21.5763
0.765,2.3,0.064,9.0,42.0,0.9963,0.55,9.4,5,5.9334
0.735,7.9,0.122,68.0,124.0,0.9994,0.53,9.9,5,0.45804
0.26,1.7,0.059,20.0,38.0,0.9949,0.47,10.8,6,7.5999
0.48,2.6,0.085,19.0,64.0,1.0,0.61,10.5,6,20.422800000000002
0.6,2.7,0.085,10.0,41.0,0.9994,0.63,10.5,6,17.595899999999997
0.69,2.7,0.075,15.0,27.0,0.9974,0.61,9.1,5,1.2551
0.31,1.4,0.059,11.0,25.0,0.9966,0.76,10.1,6,13.44672
0.44,2.5,0.063,9.0,28.0,0.9981,0.65,10.8,6,14.923440000000001
0.39,3.0,0.093,12.0,30.0,0.9996,0.63,10.8,7,25.185600000000004
0.34,3.7,0.174,6.0,16.0,0.997,0.7,11.3,6,19.24208
0.46,4.5,0.07,26.0,49.0,0.9981,0.57,9.6,4,18.68125
0.43,2.5,0.08,26.0,86.0,0.9987,0.62,9.5,6,10.3428
0.45,2.4,0.08,23.0,78.0,0.9987,0.62,9.5,5,10.7653
0.735,1.9,0.1,15.0,77.0,0.9966,0.64,9.3,5,3.71472
0.4,6.7,0.097,6.0,19.0,0.9986,0.82,11.7,7,17.157690000000002
0.52,2.7,0.087,24.0,122.0,0.9982,0.61,9.5,5,9.75392
0.725,6.6,0.117,31.0,134.0,1.0014,1.07,9.3,5,6.852479999999999
0.48,2.2,0.111,6.0,20.0,0.997,0.66,11.7,6,22.11584
0.58,1.9,0.091,34.0,124.0,0.9956,0.48,10.5,5,2.8895999999999997
0.38,2.0,0.121,7.0,20.0,0.9996,0.76,10.4,6,19.663560000000004
0.77,1.8,0.066,34.0,52.0,0.9976,0.68,9.9,5,0.0
0.56,2.4,0.089,35.0,67.0,0.9972,0.73,11.8,7,10.2828
0.84,2.3,0.059,32.0,48.0,0.9952,0.56,12.3,7,0.6969599999999999
0.96,2.0,0.047,15.0,60.0,0.9955,0.44,10.9,5,5.1744
0.24,2.1,0.066,6.0,24.0,0.9978,0.9,11.0,7,15.545249999999998
0.96,2.0,0.047,15.0,60.0,0.9955,0.44,10.9,5,5.1744
0.84,2.3,0.059,32.0,48.0,0.9952,0.56,12.3,7,0.6969599999999999
0.67,2.1,0.045,19.0,48.0,0.9949,0.49,11.4,6,1.7868800000000002
0.78,1.9,0.077,6.0,32.0,0.9988,0.56,10.6,6,6.8134
0.52,1.3,0.07,9.0,30.0,0.9978,0.6,9.3,5,9.72972
0.84,2.4,0.088,13.0,35.0,0.9997,0.6,10.4,6,24.998400000000004
0.24,2.1,0.066,6.0,24.0,0.9978,0.9,11.0,7,15.545249999999998
0.55,2.2,0.074,21.0,66.0,0.9974,0.56,9.2,5,8.872499999999999
0.37,2.3,0.078,12.0,24.0,0.9958,0.65,12.8,6,24.633
0.39,2.3,0.091,6.0,18.0,1.0004,0.49,9.5,5,24.48684
0.41,3.2,0.076,22.0,54.0,0.9996,0.89,9.9,6,18.018
0.39,2.3,0.091,6.0,18.0,1.0004,0.49,9.5,5,24.48684
0.67,2.0,0.06,38.0,62.0,0.9958,0.56,10.2,6,7.823999999999999
0.45,3.2,0.066,6.0,22.0,0.9986,0.66,11.2,6,25.68651
0.41,3.2,0.076,22.0,54.0,0.9996,0.89,9.9,6,18.018
0.62,1.5,0.062,7.0,50.0,0.9951,0.6,9.3,5,3.8808000000000002
0.31,2.2,0.072,6.0,29.0,0.9987,0.82,9.8,8,26.127359999999996
0.4,2.15,0.068,7.0,27.0,0.9988,0.68,11.3,6,23.6691
0.685,3.7,0.1,6.0,43.0,1.0032,0.68,11.2,7,34.9752
0.44,2.7,0.077,11.0,19.0,0.9963,0.63,11.6,7,15.826999999999998
0.57,1.7,0.054,5.0,27.0,0.9934,0.84,12.5,7,0.18921
0.735,2.1,0.079,6.0,31.0,0.9986,0.56,10.1,6,3.0685000000000002
0.38,2.6,0.081,31.0,72.0,0.9996,0.73,10.5,5,23.25
0.48,2.1,0.127,6.0,16.0,0.9968,0.72,11.2,5,8.68434
0.53,2.0,0.1,7.0,27.0,0.9967,0.56,10.2,6,6.0544
0.39,2.8,0.095,17.0,35.0,0.9994,0.61,10.8,6,25.454099999999997
0.39,2.8,0.095,17.0,35.0,0.9994,0.61,10.8,6,25.454099999999997
0.37,1.8,0.413,9.0,26.0,0.9979,1.06,9.1,6,13.623120000000002
0.56,1.7,0.084,18.0,35.0,0.9968,0.63,10.0,6,0.7017599999999999
0.33,2.8,0.084,5.0,22.0,0.9998,0.74,11.2,7,21.359519999999996
0.23,1.6,0.063,21.0,67.0,0.9952,0.63,11.1,5,9.8
0.62,5.2,0.086,6.0,19.0,0.9988,0.69,13.4,8,24.378620000000005
0.59,2.3,0.095,5.0,22.0,0.9986,0.58,10.3,5,11.697270000000001
0.63,2.7,0.097,29.0,65.0,0.9988,0.58,9.6,5,6.336959999999999
0.33,2.8,0.084,5.0,22.0,0.9998,0.74,11.2,7,21.359519999999996
0.58,2.2,0.074,10.0,47.0,1.0008,0.57,9.0,3,24.881999999999998
0.43,2.3,0.083,14.0,23.0,0.9976,0.61,11.3,6,16.0264
0.615,2.6,0.087,6.0,19.0,0.9982,0.61,9.3,5,5.95276
0.26,2.55,0.085,10.0,25.0,0.997,0.61,11.8,5,23.786400000000004
0.66,2.2,0.098,25.0,129.0,0.9972,0.53,9.0,5,17.4636
0.315,2.1,0.084,5.0,15.0,0.9987,0.7,9.2,6,18.505800000000004
0.29,2.9,0.098,10.0,26.0,1.0006,0.91,9.7,5,13.92
0.5,2.0,0.069,21.0,51.0,0.9982,0.72,11.5,6,13.670160000000001
0.46,2.6,0.065,7.0,18.0,0.9947,0.79,14.0,6,13.147200000000002
0.36,2.1,0.09,6.0,21.0,1.0,0.62,9.2,6,24.935219999999997
0.82,1.2,0.07,36.0,48.0,0.9952,0.58,9.8,5,0.5568
0.32,2.6,0.093,15.0,47.0,0.9996,0.61,10.6,5,25.7725
0.54,2.4,0.081,25.0,52.0,0.997,0.71,11.4,6,12.902399999999998
0.37,2.6,0.083,25.0,68.0,0.9995,0.82,10.4,6,21.65625
0.35,2.1,0.062,5.0,14.0,0.9971,0.79,10.6,5,17.750700000000002
0.28,1.7,0.08,10.0,24.0,0.9982,0.89,9.4,6,17.136000000000003
0.68,2.2,0.087,5.0,28.0,0.9988,0.6,10.2,5,7.234559999999999
0.27,2.0,0.091,6.0,16.0,0.998,0.7,9.7,5,12.506639999999999
0.24,1.8,0.075,6.0,20.0,0.9977,1.06,11.0,6,16.205280000000002
0.68,2.2,0.087,5.0,28.0,0.9988,0.6,10.2,5,7.234559999999999
0.685,2.7,0.077,6.0,31.0,0.9984,0.7,10.1,6,3.29846
0.28,15.5,0.069,6.0,23.0,1.0026,0.66,9.2,5,12.898080000000002
0.3,2.8,0.08,6.0,17.0,0.9964,0.92,11.7,8,16.5816
0.36,2.2,0.152,6.0,18.0,0.9986,1.05,9.4,5,19.012159999999998
0.36,2.2,0.152,7.0,18.0,0.9986,1.06,9.4,5,19.3344
0.44,4.1,0.114,6.0,24.0,0.997,0.66,13.4,6,22.05648
0.67,1.9,0.054,6.0,17.0,0.9976,0.47,10.0,5,12.610259999999998
0.67,1.9,0.054,6.0,17.0,0.9976,0.47,10.0,5,12.610259999999998
0.645,1.8,0.053,5.0,14.0,0.9982,0.42,10.0,6,11.640239999999999
0.32,2.8,0.081,35.0,67.0,1.0002,0.92,10.8,7,21.181600000000003
0.39,2.6,0.073,10.0,26.0,0.9984,0.75,10.2,6,12.424800000000001
0.775,2.8,0.078,24.0,56.0,0.9984,0.67,10.6,6,8.31141
0.41,2.5,0.055,12.0,25.0,0.9952,0.79,13.3,7,15.363999999999999
0.4,2.6,0.052,13.0,27.0,0.995,0.9,13.4,7,15.069479999999999
0.69,3.0,0.086,23.0,81.0,1.0002,0.74,11.6,6,9.385559999999998
0.39,8.3,0.051,28.0,91.0,0.9952,0.55,12.1,6,5.1428
0.35,2.6,0.07,5.0,16.0,0.9972,0.65,11.0,8,17.86365
0.52,1.9,0.081,14.0,38.0,0.9984,0.65,9.0,6,6.6885
0.34,2.5,0.09,43.0,113.0,0.9966,0.79,11.1,5,7.64928
0.35,2.6,0.07,5.0,16.0,0.9972,0.65,11.0,8,17.86365
0.69,3.0,0.086,23.0,81.0,1.0002,0.74,11.6,6,9.385559999999998
0.52,1.9,0.081,14.0,38.0,0.9984,0.65,9.0,6,6.6885
0.44,6.55,0.074,38.0,76.0,0.999,0.85,12.0,7,24.066640000000003
0.44,6.55,0.074,38.0,76.0,0.999,0.85,12.0,7,24.066640000000003
0.26,1.9,0.078,6.0,24.0,0.9976,1.04,10.9,7,15.693299999999999
0.24,1.8,0.077,6.0,22.0,0.9976,1.05,10.8,7,14.156099999999999
0.49,2.9,0.072,10.0,26.0,0.9968,0.78,12.5,7,20.30616
0.24,1.8,0.075,6.0,21.0,0.9976,1.02,10.8,7,15.548000000000002
0.67,2.3,0.084,6.0,13.0,1.0,0.71,9.5,6,19.5272
0.59,2.2,0.09,26.0,62.0,0.9994,0.63,10.2,6,9.858
0.29,2.8,0.084,23.0,43.0,0.9986,0.68,11.4,7,30.324
0.42,4.6,0.073,19.0,43.0,0.9978,0.61,9.5,5,18.34952
0.59,2.2,0.09,26.0,62.0,0.9994,0.63,10.2,6,9.858
0.4,2.1,0.125,15.0,49.0,0.998,0.81,9.7,6,15.562079999999996
0.51,2.4,0.107,6.0,15.0,0.9973,0.66,11.8,7,20.7648
0.51,2.4,0.107,6.0,15.0,0.9973,0.66,11.8,7,20.7648
0.655,6.1,0.122,34.0,151.0,1.001,1.14,9.3,5,13.786150000000001
0.6,4.3,0.1,5.0,14.0,1.001,0.74,11.9,6,19.90625
0.61,2.1,0.2,5.0,16.0,0.9994,0.63,8.4,3,16.103360000000002
0.21,2.8,0.088,11.0,32.0,0.9972,0.68,11.7,6,17.198020000000003
0.365,2.5,0.088,39.0,106.0,0.9966,0.78,11.0,5,12.018719999999998
0.25,2.7,0.088,15.0,33.0,0.9982,0.9,10.0,6,16.422839999999997
0.41,2.0,0.088,16.0,43.0,0.998,0.64,9.1,5,12.95952
0.39,2.3,0.099,47.0,133.0,0.9979,0.99,9.8,5,13.580839999999998
0.4,2.5,0.085,38.0,142.0,0.9978,0.55,9.4,5,14.673540000000003
0.43,2.4,0.086,23.0,116.0,0.9976,0.64,9.5,5,14.560839999999999
0.64,2.8,0.105,29.0,53.0,0.9998,0.67,9.9,5,8.087040000000002
0.365,2.5,0.088,39.0,106.0,0.9966,0.78,11.0,5,12.018719999999998
0.38,2.5,0.097,33.0,85.0,0.9962,0.77,11.4,6,11.6277
0.42,2.6,0.084,32.0,55.0,0.9988,0.75,8.7,6,13.420119999999999
0.63,2.4,0.077,6.0,33.0,0.9974,0.57,9.4,5,7.34184
0.22,2.1,0.078,1.0,28.0,0.999,0.87,10.3,6,7.447439999999999
0.38,2.7,0.098,12.0,42.0,1.0004,0.61,10.3,5,18.425960000000003
0.38,2.7,0.098,12.0,42.0,1.0004,0.61,10.3,5,18.425960000000003
0.27,2.1,0.072,15.0,33.0,0.9956,0.66,12.8,6,7.959840000000001
0.48,2.7,0.102,13.0,32.0,1.0,0.56,10.0,6,7.871999999999999
0.22,2.1,0.078,1.0,28.0,0.999,0.87,10.3,6,7.447439999999999
0.63,2.4,0.077,6.0,33.0,0.9974,0.57,9.4,5,7.34184
0.825,2.1,0.084,5.0,13.0,0.9972,0.77,10.7,6,6.55128
0.35,5.8,0.066,5.0,35.0,1.0014,0.66,12.0,7,20.2272
0.5,5.15,0.1,5.0,17.0,0.9996,0.62,11.2,5,26.687359999999998
0.59,3.3,0.101,20.0,47.0,0.9988,0.67,9.6,5,7.198079999999999
0.46,6.3,0.064,5.0,17.0,0.9988,0.73,11.0,6,14.94255
0.715,2.1,0.07,5.0,20.0,0.9966,0.59,9.9,5,6.96384
0.66,2.5,0.085,16.0,53.0,0.9993,0.72,11.0,6,8.22528
0.31,1.8,0.075,6.0,15.0,1.0008,0.79,8.4,6,30.26452
0.47,2.6,0.094,38.0,106.0,0.9982,0.59,9.1,5,13.73372
0.55,2.0,0.078,10.0,28.0,0.9983,0.78,9.5,6,6.21
0.31,2.5,0.067,6.0,21.0,0.9987,0.86,10.7,6,16.93244
0.35,2.6,0.079,27.0,69.0,0.9994,0.75,10.4,6,18.95712
0.53,1.9,0.171,6.0,25.0,0.9975,0.61,9.4,6,14.4207
0.51,2.1,0.074,9.0,25.0,0.9958,0.56,9.5,6,0.22643999999999997
0.43,2.8,0.092,14.0,45.0,0.998,0.73,10.0,6,7.1966399999999995
0.46,2.7,0.092,14.0,44.0,0.998,0.74,10.0,6,7.1136
1.04,1.6,0.05,32.0,96.0,0.9934,0.62,11.5,5,4.488
0.645,4.2,0.095,10.0,23.0,1.00315,0.74,11.1,5,22.1774
0.645,4.2,0.095,10.0,23.0,1.00315,0.74,11.1,5,22.1774
0.53,4.6,0.118,10.0,17.0,1.0002,0.56,11.7,6,16.39687
0.645,4.2,0.095,10.0,23.0,1.00315,0.74,11.1,5,22.32048
0.53,4.6,0.118,10.0,17.0,1.0002,0.56,11.7,6,16.39687
0.47,4.3,0.085,6.0,47.0,1.0021,0.68,12.7,6,21.020999999999997
0.6,2.8,0.075,5.0,19.0,0.9994,0.57,11.4,5,19.54022
0.44,2.4,0.078,26.0,121.0,0.9978,0.58,9.2,5,14.244299999999999
0.54,2.9,0.094,41.0,110.0,0.9982,0.61,9.2,5,13.582799999999999
0.29,2.7,0.092,25.0,60.0,0.9971,0.61,10.1,6,12.32644
0.47,4.3,0.085,6.0,47.0,1.0021,0.68,12.7,6,21.020999999999997
0.6,2.8,0.075,5.0,19.0,0.9994,0.57,11.4,5,19.54022
0.7,2.5,0.226,5.0,15.0,0.9991,0.6,9.0,6,6.932159999999999
0.7,2.5,0.226,5.0,15.0,0.9991,0.6,9.0,6,6.932159999999999
0.5,2.6,0.25,5.0,20.0,0.999,0.79,10.7,6,15.894620000000002
0.36,2.2,0.095,19.0,42.0,0.9946,0.57,11.7,6,5.3121599999999995
0.35,3.3,0.07,10.0,37.0,1.0003,0.91,11.0,6,18.708199999999998
0.36,2.2,0.095,19.0,42.0,0.9946,0.57,11.7,6,5.3121599999999995
0.24,2.4,0.075,10.0,28.0,0.9978,0.61,10.4,5,15.693719999999999
0.59,2.1,0.07,14.0,47.0,0.9991,0.56,9.6,4,16.9785
0.34,3.2,0.078,20.0,78.0,0.9992,0.7,10.0,6,16.56886
0.27,3.1,0.079,28.0,46.0,0.9993,0.8,10.2,6,19.286400000000004
0.5,2.3,0.103,6.0,14.0,0.9978,0.52,10.0,4,7.935840000000001
0.44,2.8,0.083,18.0,111.0,0.9982,0.6,9.5,5,14.2296
0.47,2.9,0.085,17.0,110.0,0.9982,0.6,9.8,5,14.186480000000001
0.31,2.2,0.063,18.0,40.0,0.9976,0.51,9.8,6,16.30916
0.5,2.2,0.089,5.0,14.0,1.0002,0.44,9.6,5,19.22613
0.5,2.2,0.089,5.0,14.0,1.0002,0.44,9.6,5,19.22613
0.49,2.2,0.083,5.0,15.0,1.0,0.43,9.2,5,18.28827
0.28,1.9,0.074,10.0,21.0,0.9976,0.66,9.9,7,17.522399999999998
0.33,3.4,0.093,54.0,80.0,1.0002,0.76,10.7,7,19.080599999999997
0.51,2.4,0.091,8.0,38.0,0.998,0.66,9.6,6,6.32928
0.31,2.7,0.094,16.0,47.0,0.9986,1.02,10.6,7,16.96968
0.73,1.9,0.108,18.0,102.0,0.9967,0.59,9.3,5,5.711519999999999
0.42,2.0,0.06,19.0,50.0,0.9917,0.74,14.0,8,4.464
0.29,2.6,0.059,5.0,13.0,0.9976,0.74,10.5,7,15.243899999999998
0.45,2.6,0.084,21.0,75.0,0.9987,0.57,9.7,5,14.7735
0.39,1.7,0.07,23.0,149.0,0.9922,0.5,11.5,6,10.090079999999999
0.45,2.6,0.084,21.0,75.0,0.9987,0.57,9.7,5,14.7735
0.49,3.5,0.094,9.0,43.0,1.0004,0.58,9.0,5,18.891180000000002
0.72,2.6,0.096,20.0,38.0,0.9978,0.53,9.5,5,4.5662
0.595,7.9,0.086,30.0,109.0,0.9998,0.57,9.3,5,11.93223
0.4,2.0,0.059,6.0,24.0,0.9994,0.6,9.3,6,19.224960000000003
0.58,1.9,0.071,5.0,18.0,0.998,0.63,10.0,6,21.32718
0.585,2.1,0.078,5.0,30.0,0.9967,0.48,9.8,6,4.896
0.59,2.3,0.082,11.0,22.0,1.0,0.7,9.3,6,17.145
0.915,2.1,0.088,7.0,23.0,0.9962,0.47,10.0,4,7.217639999999999
0.46,2.2,0.071,12.0,35.0,1.0006,0.56,9.0,6,21.2784
0.835,2.6,0.081,6.0,14.0,0.9975,0.52,9.3,5,0.0
0.46,2.2,0.071,12.0,35.0,1.0006,0.56,9.0,6,21.2784
0.58,2.9,0.096,14.0,63.0,0.9984,0.62,9.1,6,3.42043
0.6,2.6,0.085,6.0,24.0,0.9984,0.59,9.2,6,3.5714900000000003
0.41,4.6,0.072,10.0,20.0,0.9973,0.79,12.2,7,15.070079999999999
0.48,3.3,0.092,26.0,52.0,0.9982,0.53,10.5,6,11.942480000000002
0.65,5.1,0.11,11.0,65.0,1.0026,0.64,10.4,6,12.406839999999999
0.36,3.2,0.075,15.0,39.0,0.9956,0.52,12.7,6,4.26132
0.24,2.5,0.083,25.0,57.0,0.9983,0.54,9.2,5,16.109280000000002
0.38,2.7,0.081,5.0,16.0,1.0006,0.54,9.4,5,21.634800000000002
0.64,2.4,0.077,18.0,29.0,0.9965,0.6,10.0,6,0.0
0.39,1.5,0.058,10.0,29.0,0.9962,0.74,9.8,5,10.158159999999999
0.755,2.2,0.148,10.0,103.0,0.9969,1.36,10.2,6,4.75272
0.6,2.3,0.079,28.0,71.0,0.9997,0.57,9.7,5,16.8
0.6,2.3,0.079,28.0,71.0,0.9997,0.57,9.7,5,16.8
0.31,2.2,0.079,14.0,28.0,0.9982,0.93,9.8,6,17.77095
0.46,2.7,0.122,4.0,17.0,1.0006,0.7,10.2,5,17.841
0.37,2.3,0.088,6.0,16.0,0.9988,0.8,9.3,5,14.31597
0.54,3.4,0.076,16.0,112.0,0.9976,0.61,9.4,5,6.51384
0.56,3.4,0.078,14.0,104.0,0.9976,0.62,9.4,5,6.18608
0.58,1.9,0.08,9.0,32.0,0.9974,0.55,9.5,5,6.885999999999999
0.51,2.9,0.077,21.0,45.0,0.9974,0.96,12.1,6,6.89275
0.69,5.6,0.124,21.0,58.0,0.9997,0.72,10.2,5,0.0
0.69,5.6,0.124,21.0,58.0,0.9997,0.72,10.2,5,0.0
0.6,2.2,0.098,5.0,15.0,0.9988,0.49,9.1,5,8.57472
0.6,2.2,0.098,5.0,15.0,0.9988,0.49,9.1,5,8.57472
0.54,2.5,0.097,7.0,31.0,0.9976,0.6,9.3,6,7.396739999999999
0.685,2.3,0.111,20.0,84.0,0.9964,0.61,9.3,5,5.611079999999999
0.54,2.5,0.097,7.0,31.0,0.9976,0.6,9.3,6,7.396739999999999
0.28,2.7,0.105,5.0,19.0,0.9988,0.63,9.5,5,18.252000000000002
0.41,3.0,0.087,21.0,43.0,0.9964,0.57,10.5,6,3.53248
0.935,3.4,0.105,11.0,86.0,1.001,0.64,11.3,4,7.62146
0.35,1.9,0.073,46.0,102.0,0.9964,0.58,9.5,5,5.42493
0.84,1.4,0.065,24.0,33.0,0.9954,0.55,9.7,5,0.0
0.88,2.4,0.086,30.0,147.0,0.9979,0.53,9.4,5,8.70912
0.885,2.3,0.084,31.0,145.0,0.9978,0.53,9.4,5,8.3106
0.915,2.2,0.143,7.0,23.0,0.9964,0.65,10.2,7,3.0954
0.29,1.9,0.067,25.0,57.0,0.997,1.36,10.3,6,9.905700000000001
0.54,2.3,0.071,16.0,40.0,0.9991,0.62,9.4,5,15.102450000000001
0.59,2.3,0.071,21.0,68.0,0.9992,0.63,9.5,5,14.4628
0.54,2.3,0.071,16.0,40.0,0.9991,0.62,9.4,5,15.102450000000001
0.59,2.3,0.071,21.0,68.0,0.9992,0.63,9.5,5,14.4628
0.54,2.3,0.071,16.0,40.0,0.9991,0.62,9.4,5,15.102450000000001
0.64,6.0,0.115,5.0,11.0,0.9984,0.69,10.1,7,2.6286000000000005
0.67,3.6,0.107,6.0,20.0,0.9972,0.63,10.1,5,1.241
0.845,2.2,0.07,5.0,14.0,0.9967,0.58,11.0,4,0.27556
0.48,2.8,0.066,10.0,28.0,0.9964,0.67,11.2,7,8.691299999999998
0.42,8.6,0.068,24.0,148.0,0.9948,0.57,11.3,6,5.71644
0.43,2.2,0.106,8.0,32.0,0.9986,0.5,9.6,5,12.05997
0.88,2.5,0.104,35.0,155.0,1.001,0.67,11.2,5,8.354500000000002
0.36,7.5,0.096,22.0,71.0,0.9976,0.84,14.9,5,30.7983
0.33,2.8,0.079,9.0,30.0,0.9976,0.54,12.0,6,17.303520000000002
0.47,2.4,0.074,7.0,29.0,0.9979,0.46,9.5,5,12.449359999999999
0.55,2.9,0.087,20.0,53.0,1.0004,0.61,9.4,5,5.17786
0.43,2.2,0.106,8.0,32.0,0.9986,0.5,9.6,5,12.05997
0.5,1.4,0.073,23.0,42.0,0.998,0.68,10.5,7,20.673599999999997
0.52,1.4,0.074,5.0,20.0,0.9973,0.81,9.6,6,1.67328
0.84,4.4,0.096,5.0,13.0,0.997,0.57,11.0,4,0.48422
0.52,1.4,0.074,5.0,20.0,0.9973,0.81,9.6,6,1.67328
0.42,1.6,0.08,15.0,42.0,0.9978,0.64,9.0,5,7.695749999999999
0.57,1.6,0.076,9.0,27.0,0.9972,0.7,9.6,6,1.45152
0.28,1.8,0.05,5.0,13.0,0.9974,0.79,10.2,6,14.123840000000001
0.4,2.0,0.092,15.0,54.0,1.0,0.66,10.2,5,19.06476
0.59,2.0,0.084,25.0,48.0,0.9981,0.56,9.7,5,4.13224
0.49,1.8,0.222,6.0,16.0,0.998,0.6,9.5,6,9.50184
0.34,2.0,0.082,6.0,15.0,0.9988,0.66,9.2,6,14.949900000000001
0.73,2.3,0.059,15.0,31.0,0.9966,0.57,11.0,5,13.545
0.34,2.0,0.082,6.0,15.0,0.9988,0.66,9.2,6,14.949900000000001
0.4,2.5,0.083,30.0,45.0,0.9959,0.58,10.0,5,5.39856
0.73,1.7,0.074,5.0,13.0,0.9968,0.52,9.5,5,5.5104
1.24,2.0,0.079,32.0,151.0,0.998,0.53,9.5,5,10.495800000000001
0.73,1.7,0.074,5.0,13.0,0.9968,0.52,9.5,5,5.5104
0.4,2.2,0.084,7.0,17.0,0.9984,0.67,9.3,6,13.63824
0.41,2.2,0.064,12.0,31.0,0.9984,0.65,10.2,5,11.82402
0.4,2.2,0.084,7.0,17.0,0.9984,0.67,9.3,6,13.63824
0.8,2.3,0.084,12.0,31.0,0.9979,0.48,9.9,5,3.2163999999999997
0.78,2.6,0.081,45.0,87.0,0.9983,0.53,10.0,5,2.8884000000000007
0.26,3.3,0.06,20.0,49.0,0.9972,0.54,9.6,5,15.211800000000002
0.43,1.9,0.07,15.0,40.0,1.0004,0.49,9.0,5,23.60484
0.45,2.2,0.094,16.0,29.0,0.9962,0.49,10.2,6,5.9064000000000005
0.46,2.25,0.078,32.0,58.0,0.998,0.54,9.8,5,8.77455
0.78,2.6,0.059,5.0,15.0,0.997,0.56,11.3,5,6.27831
0.98,2.3,0.078,35.0,152.0,0.998,0.48,9.4,5,10.192
0.78,2.6,0.059,5.0,15.0,0.997,0.56,11.3,5,6.27831
0.65,1.8,0.07,13.0,40.0,0.997,0.6,9.1,5,4.396319999999999
0.64,3.1,0.095,13.0,38.0,0.9998,0.59,9.7,5,6.86504
0.66,1.6,0.039,4.0,9.0,0.9962,0.47,9.4,5,1.0472
0.38,1.8,0.157,5.0,17.0,0.9976,1.05,9.4,5,12.830399999999997
1.185,4.25,0.097,5.0,14.0,0.9966,0.54,10.7,3,0.0
0.92,2.6,0.087,12.0,93.0,0.9998,0.54,9.8,5,7.683839999999999
0.49,2.0,0.422,16.0,62.0,0.9979,1.17,9.0,5,13.289579999999999
0.48,2.8,0.084,21.0,122.0,0.9984,0.62,9.4,5,9.5616
0.47,2.7,0.084,24.0,125.0,0.9984,0.61,9.4,5,9.2349
0.47,1.3,0.034,18.0,44.0,0.9921,0.62,12.8,6,0.39779999999999993
0.65,2.1,0.066,8.0,25.0,0.9972,0.67,9.5,6,0.48580000000000007
0.65,2.1,0.066,8.0,25.0,0.9972,0.67,9.5,6,0.48580000000000007
0.615,3.2,0.087,18.0,72.0,1.0001,0.53,9.7,5,8.711920000000001
0.38,2.1,0.071,5.0,19.0,0.9986,0.62,10.8,6,20.1839
1.02,2.9,0.076,26.0,88.0,0.9984,0.57,10.1,6,14.038639999999997
0.65,2.1,0.066,8.0,25.0,0.9972,0.67,9.5,6,0.48580000000000007
0.64,2.1,0.067,9.0,23.0,0.997,0.67,9.4,6,0.48580000000000007
0.38,2.6,0.073,22.0,84.0,0.9972,0.7,9.6,4,11.951999999999998
0.765,1.6,0.078,4.0,14.0,0.998,0.54,9.7,4,1.19756
1.035,6.0,0.073,11.0,54.0,0.999,0.49,9.9,5,4.2462
0.78,2.0,0.093,10.0,19.0,0.9956,0.47,10.0,5,1.9040000000000001
0.49,3.0,0.077,16.0,37.0,0.9966,0.51,10.5,5,4.73822
0.545,2.5,0.068,11.0,35.0,0.996,0.61,11.6,6,3.1262399999999997
0.31,1.6,0.062,13.0,33.0,0.9983,0.66,10.0,6,14.907929999999999
1.025,2.8,0.08,21.0,84.0,0.9985,0.57,10.1,5,13.94748
0.565,3.0,0.093,16.0,112.0,0.9998,0.61,9.5,5,10.22788
0.69,3.2,0.084,13.0,33.0,0.9992,0.45,9.4,5,0.0
0.43,2.3,0.075,10.0,48.0,0.9976,0.46,9.4,5,9.6192
0.74,2.6,0.078,21.0,77.0,0.998,0.51,9.8,5,9.092160000000002
0.49,2.7,0.069,13.0,34.0,0.9967,0.48,9.2,6,4.26384
0.43,2.3,0.075,10.0,48.0,0.9976,0.46,9.4,5,9.6192
0.46,2.6,0.079,12.0,49.0,0.9968,0.57,10.0,5,2.6835599999999995
0.56,2.0,0.082,10.0,22.0,0.9976,0.44,9.6,5,1.08192
0.66,3.9,0.086,17.0,45.0,0.9976,0.54,9.5,5,0.0
0.56,2.0,0.082,10.0,22.0,0.9976,0.44,9.6,5,1.08192
0.48,2.85,0.094,35.0,106.0,0.9982,0.53,9.2,5,6.621600000000001
0.42,2.7,0.084,15.0,48.0,0.9968,0.59,10.0,5,1.9516799999999999
0.31,2.2,0.053,36.0,127.0,0.9965,1.62,9.5,5,6.262199999999999
1.115,3.1,0.086,5.0,12.0,0.9958,0.6,11.2,4,2.6550000000000002
0.66,3.0,0.077,5.0,13.0,0.9976,0.55,10.4,5,5.0337000000000005
0.72,2.8,0.084,18.0,49.0,0.9994,0.72,11.1,6,2.50047
0.57,1.8,0.067,4.0,11.0,0.997,0.68,9.5,5,0.44288000000000005
0.57,1.8,0.067,4.0,11.0,0.997,0.68,9.5,5,0.44288000000000005
0.865,3.2,0.071,27.0,58.0,0.995,0.49,12.7,6,0.69312
0.55,2.3,0.387,12.0,37.0,0.9982,0.67,9.6,5,19.8759
0.875,3.45,0.088,4.0,14.0,0.9994,0.52,11.5,5,3.98008
0.835,2.1,0.092,10.0,19.0,0.9966,0.47,9.6,5,0.74241
0.45,2.7,0.082,16.0,72.0,0.998,0.6,9.5,5,8.449
0.56,2.0,0.075,9.0,39.0,0.9987,0.62,9.3,5,5.3592
0.965,2.1,0.112,11.0,22.0,0.9963,0.5,9.5,5,2.5102
0.965,2.1,0.112,11.0,22.0,0.9963,0.5,9.5,5,2.5102
0.59,2.5,0.093,19.0,58.0,1.0002,0.65,9.3,6,0.0
0.46,2.8,0.092,28.0,104.0,0.9983,0.56,9.2,5,6.417000000000001
0.69,2.4,0.088,19.0,38.0,0.999,0.6,9.3,5,0.0
0.76,4.2,0.075,12.0,16.0,0.9965,0.68,11.5,6,8.304150000000002
0.53,2.6,0.078,28.0,139.0,0.99788,0.57,9.5,5,7.087679999999999
0.615,1.9,0.065,9.0,18.0,0.9972,0.65,9.2,5,0.0
0.41,2.8,0.096,25.0,101.0,1.00024,0.53,10.0,5,21.058639999999997
0.39,2.7,0.095,21.0,101.0,1.0001,0.51,9.5,5,18.761219999999998
0.51,2.1,0.07,12.0,28.0,0.99768,0.73,9.5,6,4.625279999999999
0.34,2.5,0.08,12.0,57.0,0.9978,0.47,9.0,6,10.282799999999998
0.33,2.6,0.083,16.0,68.0,0.99782,0.48,9.4,5,11.352
0.5,2.1,0.071,12.0,31.0,0.99761,0.72,9.6,6,4.56192
0.51,2.1,0.07,12.0,28.0,0.99768,0.73,9.5,6,4.625279999999999
0.65,2.9,0.089,17.0,40.0,0.99803,0.55,9.5,5,2.7307000000000006
0.65,2.9,0.089,17.0,40.0,0.99803,0.55,9.5,5,2.7307000000000006
0.54,2.5,0.097,24.0,66.0,0.99785,0.61,9.4,5,3.34932
0.65,2.9,0.089,17.0,40.0,0.99803,0.55,9.5,5,2.7307000000000006
0.48,1.7,0.415,14.0,32.0,0.99656,1.06,9.1,6,16.38936
0.91,1.9,0.058,22.0,47.0,0.99525,0.43,10.7,6,1.91646
0.98,2.0,0.057,15.0,33.0,0.99488,0.46,11.2,6,0.2268
0.87,2.2,0.084,10.0,31.0,0.99656,0.5,9.8,5,0.0
0.87,2.2,0.084,10.0,31.0,0.99656,0.5,9.8,5,0.0
0.42,2.5,0.092,33.0,88.0,0.99823,0.52,9.2,5,5.89512
0.58,2.8,0.075,9.0,104.0,0.99779,0.57,9.7,5,7.2675
0.655,2.0,0.096,5.0,35.0,0.99738,0.42,9.6,5,7.8585
0.7,1.7,0.069,8.0,19.0,0.99701,0.53,10.0,6,0.0
0.655,2.0,0.096,5.0,35.0,0.99738,0.42,9.6,5,7.8585
0.68,2.8,0.093,11.0,44.0,0.99888,0.55,9.5,6,3.31331
0.67,3.0,0.091,12.0,48.0,0.99888,0.54,9.5,6,3.0452
0.59,2.9,0.089,12.0,74.0,0.99738,0.54,9.4,5,4.97376
0.6,2.7,0.103,13.0,98.0,0.99938,0.62,9.5,5,8.28
0.59,2.3,0.082,24.0,94.0,0.99744,0.53,9.7,6,0.5041
0.72,1.9,0.076,7.0,32.0,0.99668,0.54,9.6,5,0.26781000000000005
0.59,2.3,0.082,24.0,94.0,0.99744,0.53,9.7,6,0.5041
0.685,2.4,0.082,23.0,143.0,0.9978,0.55,9.4,5,8.01632
0.57,2.3,0.082,23.0,144.0,0.99782,0.55,9.4,5,8.387550000000001
0.4,1.8,0.157,1.0,44.0,0.9973,0.92,9.5,6,7.5603
0.4,1.8,0.157,2.0,45.0,0.99727,0.91,9.5,6,7.8447
1.0,3.0,0.102,7.0,16.0,0.99586,0.46,10.0,5,0.0
0.765,2.4,0.243,5.5,48.0,0.99612,0.6,10.3,6,4.2228
0.635,2.4,0.241,6.0,18.0,0.9961,0.59,10.3,6,3.9882000000000004
0.43,3.4,0.079,7.0,34.0,0.99788,0.61,10.5,5,8.3664
0.52,2.6,0.076,21.0,92.0,0.99745,0.6,9.8,5,0.7454999999999999
0.57,2.0,0.19,12.0,45.0,0.99676,0.6,9.4,6,0.0
0.46,2.4,0.114,9.0,37.0,0.99732,0.65,9.8,5,3.3306
0.82,2.4,0.081,26.0,96.0,0.99814,0.53,10.0,5,1.512
0.46,2.4,0.114,9.0,37.0,0.99732,0.65,9.8,5,3.3306
0.59,2.5,0.077,20.0,85.0,0.99746,0.59,9.8,5,0.25205
0.35,2.3,0.083,11.0,61.0,0.9982,0.5,9.5,5,13.02939
0.35,2.3,0.083,11.0,61.0,0.9982,0.5,9.5,5,13.02939
0.56,2.2,0.079,19.0,58.0,0.9991,0.56,10.1,6,7.632
0.56,2.2,0.079,19.0,58.0,0.9991,0.56,10.1,6,7.632
0.63,2.9,0.099,21.0,119.0,0.998,0.52,9.3,5,4.51758
0.37,2.6,0.082,18.0,82.0,0.99708,0.68,9.7,6,10.596060000000001
0.64,2.9,0.084,25.0,130.0,0.99818,0.54,9.6,5,4.832080000000001
0.61,2.5,0.081,17.0,87.0,0.99745,0.6,9.7,6,0.49416
0.6,2.6,0.055,7.0,13.0,0.99639,0.56,10.8,5,0.0
0.27,2.3,0.065,7.0,26.0,0.99531,0.53,12.5,6,17.289179999999998
0.89,2.6,0.132,7.0,60.0,0.99786,1.18,10.2,5,9.6876
0.46,2.5,0.126,24.0,64.0,0.99746,0.74,9.6,5,8.3607
0.37,1.6,0.038,21.0,42.0,0.99526,0.81,10.8,7,13.258080000000001
0.5,3.6,0.082,5.0,14.0,0.9987,0.52,10.7,6,10.514840000000001
0.5,3.6,0.082,5.0,14.0,0.9987,0.52,10.7,6,10.514840000000001
0.61,4.0,0.082,26.0,108.0,0.99641,0.51,9.4,5,1.872
0.55,3.3,0.068,8.0,17.0,0.99735,0.44,10.0,5,2.5000199999999997
0.585,1.7,0.044,14.0,86.0,0.99264,0.94,12.9,7,0.0
0.56,2.5,0.114,14.0,46.0,0.9971,0.66,9.6,6,1.9958400000000003
0.52,2.7,0.084,4.0,18.0,0.99682,0.57,9.9,6,6.0244800000000005
0.28,2.4,0.052,4.0,10.0,0.99356,0.7,12.8,7,10.9224
0.25,2.0,0.041,4.0,10.0,0.99386,0.71,12.5,7,10.71252
0.28,2.4,0.052,4.0,10.0,0.99356,0.7,12.8,7,10.9224
0.53,1.9,0.165,4.0,12.0,0.99702,0.86,9.2,5,2.8948799999999997
0.48,2.8,0.07,4.0,15.0,0.99693,0.55,10.3,6,7.586320000000001
0.49,2.6,0.068,4.0,14.0,0.99562,0.47,10.5,5,2.4090000000000003
0.5,2.8,0.072,7.0,24.0,1.00012,0.68,10.9,6,21.92355
0.45,2.5,0.099,20.0,38.0,0.99818,0.71,10.8,5,11.547360000000001
0.39,2.1,0.102,4.0,7.0,0.99462,0.58,11.4,4,5.69664
0.41,2.8,0.103,19.0,41.0,0.99939,0.76,11.3,6,21.84084
0.45,2.5,0.099,20.0,38.0,0.99818,0.71,10.8,5,11.547360000000001
0.51,3.2,0.081,8.0,30.0,0.9984,0.58,10.5,6,6.014260000000001
0.29,1.6,0.084,19.0,27.0,0.99545,0.73,11.9,6,14.878079999999999
0.715,2.35,0.071,21.0,47.0,0.99632,0.45,9.4,5,0.0
0.66,3.2,0.097,9.0,59.0,0.99976,0.54,9.6,5,4.477199999999999
0.685,1.9,0.099,9.0,22.0,0.99606,0.6,9.7,5,0.0
0.42,2.1,0.048,16.0,42.0,0.99154,0.74,14.0,7,0.0
0.54,2.0,0.076,15.0,36.0,0.9973,0.64,9.8,5,3.1443100000000004
0.54,2.0,0.076,15.0,36.0,0.9973,0.64,9.8,5,3.1443100000000004
0.48,2.8,0.068,6.0,16.0,0.99682,0.53,10.3,5,6.441120000000001
0.46,2.8,0.076,15.0,37.0,0.99624,0.49,10.7,5,3.33984
0.27,2.3,0.05,4.0,8.0,0.9951,0.64,11.0,7,8.67
0.46,2.8,0.076,15.0,37.0,0.99624,0.49,10.7,5,3.33984
0.57,2.3,0.065,34.0,45.0,0.99417,0.74,12.7,8,2.4289199999999997
0.61,2.1,0.071,16.0,24.0,0.99376,0.77,11.1,6,1.68032
0.685,2.5,0.058,5.0,9.0,0.99632,0.55,10.9,4,1.7745
0.61,2.1,0.071,16.0,24.0,0.99376,0.77,11.1,6,1.68032
0.44,1.5,0.145,34.0,48.0,0.99832,0.86,9.9,3,14.76384
0.47,1.6,0.147,36.0,51.0,0.99836,0.86,9.9,4,17.25152
0.685,1.6,0.088,16.0,23.0,0.99694,0.47,9.4,5,7.59616
0.665,1.5,0.066,27.0,55.0,0.99655,0.51,9.3,5,2.5764
0.28,2.4,0.012,36.0,100.0,0.99064,0.39,11.7,7,6.11576
0.28,2.4,0.012,36.0,100.0,0.99064,0.39,11.7,7,6.11576
0.31,1.6,0.075,9.0,28.0,0.99672,0.83,11.2,7,11.4534
0.5,2.2,0.092,13.0,26.0,0.99647,0.47,10.0,5,0.8303999999999999
0.42,2.65,0.085,9.0,34.0,0.99736,0.77,12.1,7,16.90308
0.66,3.0,0.115,21.0,31.0,0.99629,0.63,10.3,5,0.0
0.5,2.6,0.119,34.0,68.0,0.99708,0.72,10.9,6,15.4071
0.685,2.0,0.088,9.0,92.0,0.9963,0.62,9.4,5,8.150799999999998
0.25,1.7,0.062,26.0,42.0,0.9959,0.83,10.6,6,14.481720000000003
0.64,1.8,0.081,14.0,31.0,0.99689,0.66,9.8,5,4.82496
0.64,1.8,0.081,14.0,31.0,0.99689,0.66,9.8,5,4.82496
0.68,1.8,0.078,12.0,39.0,0.9977,0.7,9.9,6,4.144
0.64,1.8,0.081,14.0,31.0,0.99689,0.66,9.8,5,4.82496
0.63,1.6,0.08,12.0,32.0,0.99689,0.66,9.8,5,4.811520000000001
0.43,1.9,0.085,9.0,22.0,0.99708,0.55,9.5,5,13.42176
0.43,1.9,0.085,9.0,22.0,0.99708,0.55,9.5,5,13.42176
0.42,2.5,0.08,26.0,122.0,0.99801,1.07,9.7,5,8.2432
0.36,1.5,0.08,41.0,55.0,0.99652,0.73,10.9,6,12.585690000000001
0.36,1.5,0.08,41.0,55.0,0.99652,0.73,10.9,6,12.585690000000001
0.735,2.5,0.071,10.0,14.0,0.99538,0.71,11.7,7,0.53352
0.36,1.5,0.08,41.0,55.0,0.99652,0.73,10.9,6,12.585690000000001
0.26,2.5,0.073,16.0,47.0,0.99594,0.78,11.3,7,9.479199999999999
0.28,1.7,0.054,17.0,32.0,0.99686,0.67,10.6,7,17.321849999999998
0.56,1.8,0.074,15.0,24.0,0.99438,0.82,11.2,6,5.086399999999999
0.62,2.7,0.077,15.0,85.0,0.99746,0.54,9.5,5,1.51632
1.01,2.0,0.039,15.0,88.0,0.99357,0.6,11.5,6,14.010480000000001
0.42,2.7,0.067,7.0,25.0,0.99628,0.44,10.4,5,7.776000000000001
0.62,2.5,0.078,17.0,84.0,0.99746,0.53,9.7,5,1.51632
0.62,2.7,0.077,15.0,85.0,0.99746,0.54,9.5,5,1.51632
0.635,2.6,0.077,16.0,86.0,0.99748,0.54,9.7,5,1.7690400000000002
0.49,2.3,0.071,13.0,24.0,0.99438,0.83,11.3,6,5.10136
0.51,2.0,0.072,13.0,22.0,0.99438,0.84,11.2,6,5.3958
0.56,1.8,0.074,15.0,24.0,0.99438,0.82,11.2,6,5.086399999999999
0.63,2.0,0.08,27.0,43.0,0.99578,0.64,10.9,6,0.7843199999999999
0.715,2.1,0.064,31.0,43.0,0.99371,0.57,11.8,6,0.26257
0.56,1.5,0.086,36.0,46.0,0.99522,0.57,10.6,5,0.73071
0.35,2.0,0.067,28.0,48.0,0.99576,0.54,10.0,4,6.00936
0.21,1.6,0.067,6.0,10.0,0.99552,0.58,11.1,7,10.875409999999999
0.38,2.1,0.104,6.0,10.0,0.99664,0.65,11.8,7,14.92608
0.31,2.8,0.109,7.0,16.0,0.99614,0.79,11.8,7,11.651200000000003
0.47,2.2,0.067,7.0,14.0,0.99517,0.58,10.9,4,0.0
0.715,2.1,0.064,31.0,43.0,0.99371,0.57,11.8,6,0.26257
0.61,4.0,0.094,30.0,69.0,0.99787,0.5,10.0,6,5.383840000000001
0.6,2.5,0.076,18.0,88.0,0.99745,0.55,9.5,5,1.01664
0.56,1.6,0.078,10.0,21.0,0.99576,0.49,9.9,5,5.216399999999999
0.715,2.1,0.068,30.0,35.0,0.99533,0.65,11.4,6,0.0
0.31,3.1,0.194,14.0,26.0,0.99536,0.78,12.0,6,7.84392
0.6,2.5,0.076,18.0,88.0,0.99745,0.55,9.5,5,1.01664
0.61,4.0,0.094,30.0,69.0,0.99787,0.5,10.0,6,5.383840000000001
0.75,2.5,0.086,9.0,30.0,0.99824,0.64,10.5,5,4.16164
0.8,2.4,0.083,8.0,28.0,0.99836,0.65,10.4,6,3.5963999999999996
0.52,2.6,0.066,29.0,56.0,0.99577,0.79,12.1,7,12.8079
0.57,2.5,0.072,32.0,64.0,0.99491,0.56,11.2,6,0.0
0.9,6.6,0.112,23.0,99.0,1.00289,0.68,9.3,5,11.714360000000001
0.34,2.0,0.071,30.0,52.0,0.99576,0.58,10.1,5,5.94432
0.66,2.3,0.078,16.0,86.0,0.99743,0.57,9.7,5,0.7624799999999999
0.45,1.9,0.082,10.0,18.0,0.99774,0.65,9.3,6,7.48006
0.66,2.3,0.078,16.0,86.0,0.99743,0.57,9.7,5,0.7624799999999999
0.63,2.2,0.08,17.0,88.0,0.99745,0.58,9.8,6,0.7624799999999999
0.59,2.3,0.08,27.0,43.0,0.9955,0.58,10.7,6,0.24282
0.31,2.4,0.078,17.0,43.0,0.99444,0.77,12.5,7,10.714470000000002
0.59,2.3,0.08,27.0,43.0,0.9955,0.58,10.7,6,0.24282
0.31,2.4,0.078,17.0,43.0,0.99444,0.77,12.5,7,10.714470000000002
1.02,3.4,0.084,6.0,11.0,0.99892,0.49,11.0,3,0.5776800000000001
0.31,2.6,0.056,10.0,39.0,0.99562,0.69,11.8,5,10.8936
0.635,2.4,0.08,16.0,33.0,0.99736,0.69,10.8,7,2.6492000000000004
0.635,2.4,0.08,16.0,33.0,0.99736,0.69,10.8,7,2.6492000000000004
0.59,6.0,0.06,11.0,18.0,0.9962,0.59,10.8,7,1.3912799999999999
0.59,6.0,0.06,11.0,18.0,0.9962,0.59,10.8,7,1.3912799999999999
0.58,3.0,0.081,15.0,115.0,0.998,0.59,9.5,5,5.9432
0.54,2.6,0.084,12.0,78.0,0.9964,0.71,11.0,5,6.590160000000001
0.56,2.2,0.079,6.0,9.0,0.9948,0.54,11.5,6,0.0
0.52,2.4,0.078,34.0,61.0,0.99528,0.59,10.8,6,3.2996600000000003
0.305,1.2,0.059,7.0,11.0,0.99331,0.52,11.5,6,9.36663
0.38,3.8,0.132,3.0,11.0,0.99577,0.57,13.2,6,14.41872
0.28,9.0,0.114,3.0,9.0,0.99901,0.6,10.9,6,13.31148
0.46,2.9,0.065,4.0,8.0,0.99674,0.62,12.2,6,14.652
0.395,4.6,0.094,3.0,10.0,0.99639,0.64,12.2,7,14.139480000000002
0.305,1.2,0.059,7.0,11.0,0.99331,0.52,11.5,6,9.36663
0.315,2.2,0.079,3.0,6.0,0.99512,0.67,11.9,6,11.248800000000001
0.715,1.5,0.161,7.0,62.0,0.99395,0.61,11.0,5,3.64534
0.41,8.8,0.084,26.0,45.0,0.99824,0.64,10.1,6,7.125039999999999
0.36,2.2,0.081,32.0,79.0,0.9964,0.72,11.0,6,8.8704
0.62,1.8,0.072,38.0,46.0,0.99504,0.89,11.8,6,3.40704
0.41,2.3,0.091,10.0,23.0,0.99786,0.56,10.5,5,11.508479999999999
0.36,2.2,0.081,32.0,79.0,0.9964,0.72,11.0,6,8.8704
0.62,1.8,0.072,38.0,46.0,0.99504,0.89,11.8,6,3.40704
0.41,8.8,0.084,26.0,45.0,0.99824,0.64,10.1,6,7.125039999999999
0.47,2.3,0.055,14.0,28.0,0.99516,0.8,11.2,5,7.38396
0.22,1.9,0.064,53.0,77.0,0.99604,0.87,11.0,7,10.74312
0.24,2.3,0.061,52.0,73.0,0.99786,0.9,10.2,6,10.763940000000002
0.67,2.2,0.093,11.0,75.0,0.99736,0.59,9.2,4,5.107200000000001
0.47,2.3,0.055,14.0,28.0,0.99516,0.8,11.2,5,7.38396
0.33,3.3,0.063,10.0,19.0,0.99468,0.73,12.0,7,10.909799999999999
0.61,1.9,0.08,8.0,25.0,0.99746,0.73,10.5,5,0.24354
0.61,2.0,0.074,13.0,38.0,0.99748,0.65,9.8,5,0.25752
0.4,1.9,0.078,29.0,66.0,0.9971,0.59,9.5,6,7.603799999999999
0.61,2.0,0.074,13.0,38.0,0.99748,0.65,9.8,5,0.25752
0.61,1.9,0.08,8.0,25.0,0.99746,0.73,10.5,5,0.24354
0.3,2.3,0.06,19.0,72.0,0.99543,0.72,11.8,6,11.336160000000001
0.3,2.3,0.06,19.0,72.0,0.99543,0.72,11.8,6,11.336160000000001
0.63,1.4,0.071,6.0,26.0,0.99791,0.6,10.4,4,18.419999999999998
0.38,2.8,0.068,23.0,42.0,0.99356,0.72,12.9,7,9.13824
0.46,1.6,0.073,7.0,11.0,0.99425,0.54,11.4,5,3.8049400000000007
0.33,2.2,0.074,13.0,25.0,0.99509,0.76,12.4,7,16.773120000000002
0.27,5.0,0.082,9.0,17.0,0.99484,0.52,12.5,7,15.474689999999999
0.43,2.6,0.092,13.0,52.0,0.99834,0.64,10.0,7,13.0088
0.5,2.3,0.094,10.0,45.0,0.99864,0.6,9.7,7,10.795680000000003
0.3,3.8,0.09,11.0,24.0,0.99498,0.64,12.1,7,13.299090000000001
0.44,2.0,0.071,7.0,20.0,0.99566,0.79,11.1,7,13.451759999999998
0.44,4.1,0.092,11.0,24.0,0.99745,0.99,12.0,7,19.463639999999998
0.28,2.1,0.093,6.0,12.0,0.99408,0.62,12.4,7,12.98784
0.12,1.8,0.075,10.0,21.0,0.99552,0.76,11.9,7,13.657050000000002
0.12,1.8,0.075,10.0,21.0,0.99552,0.76,11.9,7,13.657050000000002
0.12,1.8,0.075,10.0,21.0,0.99552,0.76,11.9,7,13.657050000000002
0.28,2.1,0.093,6.0,12.0,0.99408,0.62,12.4,7,12.98784
0.31,2.2,0.058,6.0,10.0,0.99536,0.68,11.2,7,10.8568
0.34,2.1,0.052,5.0,9.0,0.99458,0.69,12.1,7,15.6672
0.43,2.7,0.082,6.0,11.0,0.99538,0.54,12.2,6,10.4576
0.21,1.9,0.09,9.0,23.0,0.99648,0.67,10.4,5,14.8512
0.36,2.1,0.111,5.0,10.0,0.99568,0.62,11.3,6,15.4908
0.37,2.0,0.088,12.0,51.0,0.99613,0.58,11.1,6,16.2526
0.57,2.3,0.12,25.0,36.0,0.99519,0.71,11.3,7,2.66496
0.59,2.0,0.089,12.0,32.0,0.99735,0.61,10.0,5,1.344
0.47,1.9,0.058,18.0,38.0,0.99518,0.85,11.1,6,7.2522
0.56,1.6,0.078,7.0,18.0,0.99592,0.62,9.3,5,3.2503800000000003
0.57,2.1,0.115,6.0,16.0,0.99654,0.69,9.5,5,0.44616
0.27,2.0,0.1,20.0,27.0,0.99546,0.69,11.2,6,10.810800000000002
0.47,1.9,0.058,18.0,38.0,0.99518,0.85,11.1,6,7.2522
0.34,2.4,0.065,24.0,48.0,0.99554,0.86,11.0,6,11.0888
0.38,2.4,0.103,6.0,10.0,0.99604,0.58,11.9,7,11.549699999999998
0.66,2.1,0.097,23.0,113.0,0.99733,0.48,9.2,5,5.321000000000001
0.4,2.4,0.068,29.0,46.0,0.9943,0.6,12.2,6,12.384
0.56,2.9,0.079,7.0,22.0,0.99669,0.61,10.2,5,2.0863799999999997
0.26,1.9,0.066,6.0,10.0,0.99724,0.87,10.9,6,16.62336
0.26,1.9,0.066,6.0,10.0,0.99724,0.87,10.9,6,16.62336
0.38,2.4,0.104,6.0,13.0,0.99643,0.65,11.6,7,16.261
0.34,1.7,0.079,6.0,12.0,0.99605,0.63,10.7,5,13.164800000000001
0.33,5.9,0.073,7.0,13.0,0.99658,0.62,12.1,7,11.9064
0.41,2.1,0.083,35.0,72.0,0.997,0.52,9.4,5,7.4304
0.41,2.1,0.083,35.0,72.0,0.997,0.52,9.4,5,7.4304
0.59,2.6,0.109,31.0,119.0,0.99801,0.5,9.1,5,7.6734
0.4,3.6,0.061,9.0,29.0,0.99416,0.49,11.3,7,7.347199999999999
0.45,1.4,0.075,3.0,6.0,0.9969,0.63,10.4,5,18.71114
0.5,1.9,0.065,8.0,17.0,0.99774,0.71,10.5,6,9.0636
0.86,1.9,0.079,13.0,28.0,0.99712,0.62,10.0,5,8.0275
0.52,2.1,0.07,51.0,70.0,0.99418,0.82,12.9,6,7.802239999999999
0.5,1.9,0.065,8.0,17.0,0.99774,0.71,10.5,6,9.0636
0.45,1.4,0.075,3.0,6.0,0.9969,0.63,10.4,5,18.71114
0.58,2.0,0.064,7.0,11.0,0.99562,0.58,11.3,6,0.0
0.34,1.4,0.066,3.0,7.0,0.9947,0.55,11.4,7,12.19218
0.36,1.6,0.08,35.0,70.0,0.99693,0.5,9.4,5,7.3271999999999995
0.39,1.7,0.097,19.0,27.0,0.99596,0.49,9.4,5,2.9198399999999998
0.295,1.5,0.073,14.0,21.0,0.99556,0.51,10.9,6,12.1832
0.39,1.7,0.097,19.0,27.0,0.99596,0.49,9.4,5,2.9198399999999998
0.34,2.0,0.082,31.0,68.0,0.99694,0.48,9.4,5,6.858600000000001
0.4,2.0,0.076,30.0,47.0,0.99554,0.48,9.4,6,2.184
0.34,2.0,0.082,31.0,68.0,0.99694,0.48,9.4,5,6.858600000000001
0.35,2.5,0.092,20.0,88.0,0.99918,0.43,9.4,5,14.175
0.6,2.0,0.079,19.0,41.0,0.99697,0.62,10.1,6,1.5661800000000001
0.66,2.2,0.087,3.0,11.0,0.99378,0.63,12.8,7,0.0
0.66,2.2,0.087,3.0,11.0,0.99378,0.63,12.8,7,0.0
0.84,1.4,0.05,4.0,10.0,0.99554,0.48,9.1,6,9.441120000000002
0.69,1.65,0.055,7.0,12.0,0.99162,0.53,12.9,6,0.0
0.43,2.2,0.062,6.0,12.0,0.99495,0.72,11.5,7,7.74
0.35,1.5,0.058,31.0,47.0,0.99676,0.82,10.6,7,12.26412
0.29,2.05,0.063,13.0,27.0,0.99516,0.84,11.7,7,9.789779999999999
0.36,1.8,0.067,4.0,8.0,0.9928,0.55,12.8,7,7.31136
0.43,1.6,0.081,27.0,45.0,0.99603,0.54,10.3,5,7.7284999999999995
0.36,1.8,0.067,4.0,8.0,0.9928,0.55,12.8,7,7.31136
0.29,2.05,0.063,13.0,27.0,0.99516,0.84,11.7,7,9.789779999999999
0.3,2.0,0.064,12.0,25.0,0.99516,0.84,11.7,7,10.08644
0.35,3.6,0.11,12.0,24.0,0.99549,0.7,12.0,7,11.498800000000001
0.5,2.8,0.116,26.0,55.0,0.99722,0.68,10.9,5,10.990079999999999
0.28,1.7,0.067,7.0,12.0,0.99354,0.55,12.3,7,13.016250000000001
0.32,2.0,0.088,12.0,19.0,0.9957,0.55,10.4,6,8.746030000000001
1.005,2.1,0.102,11.0,32.0,0.99604,0.48,10.0,5,3.73065
0.71,1.6,0.092,22.0,31.0,0.99635,0.58,10.0,6,0.0
0.58,2.0,0.12,3.0,7.0,0.99454,0.58,11.2,6,4.1216
0.39,2.2,0.075,14.0,27.0,0.99598,0.84,11.4,6,14.779800000000002
0.38,2.2,0.068,12.0,28.0,0.99486,0.75,12.6,7,11.641200000000001
0.18,0.9,0.049,36.0,109.0,0.99007,0.44,12.7,6,8.554400000000001
0.18,0.9,0.049,36.0,109.0,0.99007,0.44,12.7,6,8.554400000000001
0.5,1.8,0.078,10.0,23.0,0.99636,0.61,10.4,5,3.4594
0.36,2.4,0.123,3.0,8.0,0.99642,0.53,11.9,6,23.865600000000004
0.36,2.4,0.123,3.0,8.0,0.99642,0.53,11.9,6,23.865600000000004
0.51,2.1,0.062,4.0,9.0,0.99584,0.54,10.5,5,2.1105
0.32,2.3,0.098,3.0,9.0,0.99506,0.55,12.3,6,11.261879999999998
0.58,1.8,0.088,12.0,18.0,0.99568,0.56,10.5,7,0.25564
0.83,2.8,0.095,17.0,43.0,0.99822,0.6,10.4,6,0.0
0.31,1.9,0.066,14.0,36.0,0.99364,0.56,12.6,6,8.62048
0.795,2.2,0.065,28.0,52.0,0.99378,0.52,11.6,5,0.0
0.34,2.5,0.075,41.0,68.0,0.99586,0.54,10.1,6,5.095440000000001
0.58,1.8,0.088,12.0,18.0,0.99568,0.56,10.5,7,0.25564
0.59,2.1,0.091,9.0,14.0,0.99488,0.55,11.5,7,0.0
0.55,1.8,0.093,9.0,15.0,0.99514,0.58,11.0,7,0.24455
0.82,4.1,0.095,5.0,14.0,0.99854,0.53,9.6,5,0.0
0.57,2.6,0.089,14.0,27.0,0.99592,0.59,10.4,6,1.98
0.745,2.5,0.077,15.0,48.0,0.99739,0.47,9.7,6,5.1264
0.37,2.4,0.085,5.0,17.0,0.99683,0.65,10.6,7,10.885779999999999
0.31,2.5,0.082,26.0,35.0,0.99356,0.59,12.5,7,8.320480000000002
0.91,1.8,0.074,20.0,56.0,0.99672,0.56,9.2,5,2.4455
0.41,6.2,0.078,25.0,42.0,0.9953,0.77,12.6,7,11.55708
0.5,2.2,0.088,21.0,39.0,0.99692,0.83,11.1,6,6.22377
0.965,2.2,0.088,16.0,32.0,0.99756,0.67,10.2,5,0.0
0.49,1.7,0.079,13.0,26.0,0.99547,0.64,9.8,6,4.4311799999999995
0.5,2.2,0.088,21.0,39.0,0.99692,0.83,11.1,6,6.22377
0.39,8.9,0.069,18.0,39.0,0.99859,0.81,10.9,7,12.814549999999999
0.39,3.3,0.046,12.0,53.0,0.99294,0.62,12.2,6,7.09632
0.44,1.4,0.07,32.0,38.0,0.99438,0.58,11.4,6,0.0
0.78,1.7,0.076,33.0,45.0,0.99612,0.62,10.7,6,0.0
0.43,1.8,0.082,27.0,51.0,0.99634,0.64,10.4,5,4.21243
0.49,1.7,0.081,3.0,14.0,0.99702,0.78,10.9,6,10.94796
0.5,1.8,0.084,6.0,17.0,0.99704,0.77,10.8,6,10.94796
0.43,1.8,0.082,27.0,51.0,0.99634,0.64,10.4,5,4.21243
0.46,1.4,0.414,16.0,45.0,0.99702,1.34,9.2,5,15.19545
0.605,2.4,0.073,19.0,25.0,0.99258,0.55,12.9,5,0.9968
0.33,2.3,0.07,9.0,20.0,0.99426,0.77,12.7,7,11.782680000000001
0.64,2.0,0.095,5.0,77.0,0.99747,0.62,9.1,6,6.929819999999999
0.64,2.0,0.095,5.0,77.0,0.99747,0.62,9.1,6,6.929819999999999
0.48,4.0,0.101,3.0,10.0,0.99586,0.59,12.1,7,15.14157
0.42,3.9,0.104,28.0,90.0,0.99784,0.57,9.1,5,5.984999999999999
0.53,2.4,0.093,30.0,52.0,0.9971,0.76,11.6,7,18.00117
0.48,4.0,0.101,3.0,10.0,0.99586,0.59,12.1,7,15.14157
0.23,1.8,0.074,3.0,8.0,0.9981,0.7,9.9,6,20.76168
0.4,1.8,0.071,7.0,16.0,0.99462,0.69,12.5,8,14.6055
0.38,1.9,0.098,6.0,15.0,0.9956,0.64,11.4,6,11.616
0.29,2.4,0.075,6.0,17.0,0.99565,0.63,11.8,6,21.3486
0.74,2.0,0.067,5.0,10.0,0.99418,0.57,11.8,6,2.4206399999999997
0.61,2.4,0.083,6.0,20.0,0.9963,0.6,10.2,6,4.55994
0.52,2.4,0.07,13.0,26.0,0.99358,0.72,12.5,7,1.7952
0.31,2.2,0.06,3.0,10.0,0.99572,0.83,10.9,7,17.76666
0.31,2.2,0.06,3.0,10.0,0.99572,0.83,10.9,7,17.76666
0.62,2.8,0.086,28.0,52.0,0.997,0.62,10.8,5,9.267999999999999
0.33,1.5,0.057,19.0,37.0,0.99498,0.89,11.1,7,13.308300000000003
0.77,8.1,0.098,30.0,92.0,0.99892,0.58,9.2,5,4.800000000000001
0.35,1.8,0.083,33.0,75.0,0.9968,0.58,9.5,6,6.364800000000001
0.62,2.7,0.088,16.0,37.0,0.9972,0.58,10.7,6,8.7384
0.77,8.1,0.098,30.0,92.0,0.99892,0.58,9.2,5,4.800000000000001
0.25,2.0,0.071,45.0,67.0,0.99769,0.86,10.2,7,10.64336
0.32,2.0,0.073,3.0,8.0,0.99534,0.73,11.4,6,17.4636
0.37,6.4,0.08,3.0,8.0,0.99817,0.58,11.0,5,18.2793
0.37,6.4,0.08,3.0,8.0,0.99817,0.58,11.0,5,18.2793
0.3,8.3,0.05,37.5,278.0,0.99316,0.51,12.3,7,16.16972
0.27,1.4,0.047,3.0,8.0,0.99471,0.51,11.8,6,18.22688
0.3,8.3,0.05,37.5,289.0,0.99316,0.51,12.3,7,16.16972
0.38,1.8,0.073,31.0,70.0,0.99685,0.59,9.5,6,7.387199999999999
0.42,2.4,0.072,32.0,59.0,0.99617,0.77,12.0,6,13.03695
0.38,1.8,0.073,31.0,70.0,0.99685,0.59,9.5,6,7.387199999999999
0.48,1.8,0.074,40.0,64.0,0.99529,0.49,9.6,5,1.6972800000000001
0.34,4.7,0.055,3.0,9.0,0.99738,0.66,11.6,7,11.492
0.19,1.6,0.057,18.0,30.0,0.994,0.69,11.2,6,10.916220000000001
0.41,1.5,0.095,22.0,41.0,0.99735,0.76,9.9,7,18.917279999999998
0.41,1.5,0.095,22.0,41.0,0.99735,0.76,9.9,7,18.917279999999998
0.26,1.9,0.083,42.0,74.0,0.99451,0.63,11.8,8,16.092000000000002
0.34,2.0,0.086,8.0,19.0,0.99546,0.6,11.4,6,11.115300000000001
0.54,2.0,0.081,10.0,16.0,0.99479,0.59,11.5,6,2.1609000000000003
0.31,2.2,0.079,11.0,31.0,0.99615,0.86,12.0,7,11.02896
0.725,5.5,0.117,9.0,17.0,0.99655,0.49,10.8,6,1.9898999999999998
0.4,2.5,0.087,6.0,20.0,0.99772,0.5,10.5,5,13.916699999999999
0.725,5.5,0.117,9.0,17.0,0.99655,0.49,10.8,6,1.9898999999999998
0.52,1.5,0.096,5.0,18.0,0.99666,0.52,9.4,5,10.4576
0.31,2.1,0.216,5.0,16.0,0.99358,0.81,12.5,7,11.34
0.52,1.5,0.096,5.0,18.0,0.99666,0.52,9.4,5,10.4576
0.34,2.1,0.072,23.0,36.0,0.99392,0.78,12.4,6,10.972079999999998
0.49,2.1,0.071,14.0,25.0,0.99388,0.63,12.0,6,6.693300000000002
0.48,1.7,0.078,18.0,30.0,0.99402,0.54,11.2,6,1.8940499999999998
0.49,2.1,0.071,14.0,25.0,0.99388,0.63,12.0,6,6.693300000000002
0.48,2.2,0.073,16.0,25.0,0.9936,0.66,12.4,6,8.9216
0.57,2.1,0.048,13.0,49.0,0.99374,0.6,12.8,5,6.01524
0.23,1.9,0.069,9.0,17.0,0.99376,0.54,12.3,6,11.05524
0.3,2.0,0.068,10.0,24.0,0.99523,0.85,11.7,7,12.200369999999998
0.78,3.3,0.09,4.0,13.0,0.99855,0.49,9.5,5,2.7216
0.47,2.1,0.171,27.0,66.0,0.9982,0.76,10.8,6,14.721480000000001
0.53,1.4,0.07,6.0,14.0,0.99593,0.64,10.0,6,0.0
0.42,2.0,0.092,23.0,55.0,0.99471,0.64,12.3,7,5.51124
0.33,1.5,0.056,6.0,35.0,0.99396,0.71,11.0,6,10.656310000000001
0.24,1.6,0.074,3.0,10.0,0.99698,0.59,9.5,6,10.82952
0.4,4.3,0.046,29.0,80.0,0.9902,0.66,13.6,6,8.725000000000001
0.69,2.5,0.091,15.0,21.0,0.99572,0.6,11.3,6,1.6562000000000001
0.69,2.5,0.091,15.0,21.0,0.99572,0.6,11.3,6,1.6562000000000001
0.69,2.5,0.091,15.0,21.0,0.99572,0.6,11.3,6,1.6562000000000001
0.39,2.1,0.065,14.0,24.0,0.99252,0.53,13.3,6,2.8115999999999994
0.66,2.5,0.066,7.0,15.0,0.99256,0.58,12.9,5,0.0
0.54,2.5,0.076,8.0,17.0,0.99235,0.72,13.1,8,8.5952
0.5,1.8,0.062,21.0,28.0,0.99352,0.55,12.3,6,0.0
0.47,1.4,0.055,27.0,33.0,0.9922,0.48,12.3,6,0.0
0.4,1.9,0.081,17.0,29.0,0.99674,0.65,11.2,6,12.35208
0.58,2.2,0.096,3.0,13.0,0.99557,0.62,11.5,4,0.0
0.24,1.7,0.055,13.0,27.0,0.99394,0.59,11.3,7,9.6712
0.29,1.7,0.063,3.0,11.0,0.9915,0.54,13.5,6,5.11212
0.76,2.9,0.072,26.0,52.0,0.99379,0.6,11.5,6,0.0
0.43,2.7,0.095,28.0,89.0,0.9984,0.68,10.0,5,10.626000000000001
0.43,3.3,0.092,24.0,70.0,0.99798,0.69,10.5,6,11.79675
0.6,1.9,0.058,5.0,10.0,0.9977,0.63,10.4,6,0.0
0.19,1.7,0.045,57.0,135.0,0.99341,0.44,9.5,5,4.11348
0.36,1.8,0.075,18.0,38.0,0.9933,0.88,13.6,7,8.50408
0.48,5.5,0.089,10.0,18.0,0.99684,0.68,11.2,7,1.6984800000000004
0.28,1.7,0.061,6.0,15.0,0.99524,0.74,11.8,7,9.817499999999999
0.25,1.7,0.067,22.0,50.0,0.9946,0.6,11.9,6,11.6272
0.52,2.0,0.08,6.0,13.0,0.99774,0.76,11.4,6,15.069600000000003
0.52,2.0,0.08,6.0,13.0,0.99774,0.76,11.4,6,15.069600000000003
0.41,3.7,0.104,29.0,94.0,0.99786,0.58,9.1,5,3.5325
0.51,2.0,0.079,16.0,86.0,0.99764,0.64,9.5,6,6.573119999999999
0.4,1.7,0.08,33.0,79.0,0.9969,0.65,9.5,6,7.4679
0.38,2.5,0.08,24.0,71.0,0.99624,0.85,11.0,6,8.58048
0.45,2.4,0.043,6.0,12.0,0.99354,0.65,11.4,6,2.5047
0.22,1.8,0.065,16.0,20.0,0.99672,0.82,10.0,6,7.5809999999999995
0.32,2.3,0.066,35.0,70.0,0.99588,0.62,10.1,5,5.758970000000001
0.2,2.5,0.076,31.0,51.0,0.99672,0.81,10.4,6,12.446779999999997
0.5,1.8,0.178,6.0,21.0,0.996,0.87,9.8,6,3.07008
0.41,6.2,0.071,6.0,14.0,0.99702,0.49,11.8,7,14.445
0.39,2.0,0.086,9.0,21.0,0.99526,0.66,11.6,6,11.10564
0.35,2.0,0.061,6.0,11.0,0.99585,0.52,12.0,6,15.180999999999997
0.33,2.8,0.067,4.0,12.0,0.99473,0.76,12.8,7,8.659199999999998
0.58,2.5,0.044,16.0,70.0,0.99352,0.65,12.5,6,4.85438
0.6,2.2,0.118,9.0,38.0,0.99616,0.53,9.8,5,6.536250000000001
0.42,2.1,0.083,17.0,38.0,0.99622,0.66,11.1,6,10.852799999999998
0.58,2.2,0.1,50.0,63.0,0.99544,0.68,11.4,6,0.0
0.6,2.2,0.118,9.0,38.0,0.99616,0.53,9.8,5,6.536250000000001
0.18,1.75,0.071,45.0,88.0,0.99524,0.76,11.8,7,14.435550000000001
0.51,2.1,0.042,16.0,101.0,0.9924,0.87,12.9,7,3.1762799999999993
0.41,2.8,0.076,22.0,54.0,0.99572,1.16,10.6,6,9.85302
0.41,2.2,0.11,11.0,37.0,0.99728,0.67,10.8,5,13.85976
0.36,2.3,0.087,6.0,20.0,0.99676,0.72,11.1,7,18.97188
0.45,1.4,0.076,12.0,21.0,0.99551,0.75,10.2,6,12.14664
0.32,2.3,0.075,12.0,19.0,0.99434,0.71,11.8,7,11.2098
0.785,1.7,0.078,10.0,21.0,0.99692,0.67,10.0,5,7.1064
0.785,1.7,0.078,10.0,21.0,0.99692,0.67,10.0,5,7.1064
0.44,1.9,0.369,15.0,38.0,0.99634,1.1,9.4,5,12.792499999999999
0.54,2.0,0.111,7.0,60.0,0.99709,0.98,10.2,5,7.56756
0.33,2.5,0.074,29.0,48.0,0.99528,0.88,12.4,7,10.61736
0.34,2.8,0.067,8.0,44.0,0.99384,0.56,12.0,6,5.63355
0.5,2.3,0.086,5.0,14.0,0.99502,0.62,11.5,6,7.317279999999999
0.36,1.6,0.062,5.0,12.0,0.99667,0.67,10.5,6,10.0096
0.59,2.2,0.078,26.0,44.0,0.99522,0.68,10.8,6,0.0
0.42,2.1,0.074,5.0,16.0,0.99649,0.74,12.3,6,14.59074
0.36,1.7,0.079,26.0,65.0,0.99716,0.62,9.5,6,8.15176
0.36,1.7,0.079,26.0,65.0,0.99716,0.62,9.5,6,8.15176
0.61,2.2,0.095,48.0,59.0,0.99541,0.7,11.5,6,0.0
0.88,5.6,0.079,23.0,47.0,0.99572,0.5,11.2,4,0.6980999999999999
0.66,2.4,0.052,6.0,11.0,0.99318,0.66,12.7,7,0.0
0.915,2.1,0.041,17.0,78.0,0.99346,0.73,11.4,5,0.0
0.35,2.4,0.076,11.0,47.0,0.99599,0.81,11.0,6,8.848619999999999
0.35,2.4,0.076,11.0,47.0,0.99599,0.81,11.0,6,8.848619999999999
0.39,1.65,0.068,5.0,11.0,0.99478,0.46,11.4,5,13.44266
0.4,2.5,0.068,41.0,54.0,0.99754,0.86,10.5,6,13.7904
0.66,1.6,0.07,16.0,61.0,0.99572,0.6,9.3,5,1.56604
0.64,2.1,0.08,11.0,119.0,0.99538,0.7,10.9,5,5.17776
0.43,2.0,0.085,6.0,39.0,0.99346,0.46,11.9,6,6.993
0.8,7.8,0.079,6.0,12.0,0.9963,0.5,12.2,5,0.6969599999999999
0.43,2.0,0.085,6.0,39.0,0.99346,0.46,11.9,6,6.993
0.64,2.1,0.08,11.0,119.0,0.99538,0.7,10.9,5,5.17776
0.955,1.8,0.075,5.0,19.0,0.99616,0.44,9.6,4,1.452
0.4,4.6,0.08,6.0,20.0,0.99652,0.57,12.5,6,17.013359999999995
0.885,2.3,0.166,6.0,12.0,0.99551,0.51,10.8,5,0.0
0.25,2.5,0.063,11.0,41.0,0.99439,0.8,12.4,7,9.37728
0.885,2.3,0.166,6.0,12.0,0.99551,0.51,10.8,5,0.0
0.745,1.8,0.114,15.0,64.0,0.99588,0.59,9.5,6,2.7048
0.43,1.8,0.078,21.0,56.0,0.99633,0.6,9.5,6,4.80128
0.58,2.3,0.076,23.0,94.0,0.99686,0.58,9.5,6,5.8325700000000005
0.57,1.5,0.069,4.0,9.0,0.99458,0.54,9.8,6,5.10972
0.26,2.0,0.052,19.0,77.0,0.9951,0.79,10.9,6,6.3063
0.58,2.3,0.076,23.0,94.0,0.99686,0.58,9.5,6,5.8325700000000005
0.57,1.5,0.069,4.0,9.0,0.99458,0.54,9.8,6,5.10972
0.34,1.9,0.065,5.0,10.0,0.99419,0.54,11.2,7,9.29988
0.42,1.8,0.068,6.0,12.0,0.99516,0.69,11.7,8,11.235899999999999
0.74,5.8,0.111,33.0,76.0,0.99878,0.55,9.4,5,5.90634
0.36,2.1,0.074,24.0,44.0,0.99534,0.85,11.0,7,11.260800000000001
0.36,2.1,0.074,24.0,44.0,0.99534,0.85,11.0,7,11.260800000000001
0.36,2.1,0.074,24.0,44.0,0.99534,0.85,11.0,7,11.260800000000001
0.72,1.7,0.136,24.0,52.0,0.99752,0.94,10.0,5,18.240750000000002
0.36,2.1,0.074,24.0,44.0,0.99534,0.85,11.0,7,11.260800000000001
0.39,2.0,0.071,14.0,24.0,0.99428,0.87,11.2,7,9.1977
0.65,2.1,0.078,8.0,15.0,0.99498,0.62,10.4,6,0.4556
0.44,2.1,0.076,22.0,53.0,0.9957,0.62,9.3,5,3.2868
0.65,2.1,0.078,8.0,15.0,0.99498,0.62,10.4,6,0.4556
0.38,1.9,0.071,5.0,13.0,0.99659,0.75,10.5,6,12.7008
0.33,1.9,0.081,6.0,9.0,0.99628,0.48,10.4,6,14.5452
0.27,2.1,0.095,20.0,29.0,0.99488,0.56,11.3,6,13.19648
0.57,2.0,0.079,10.0,79.0,0.99677,0.69,9.5,6,8.057210000000001
0.34,1.9,0.057,43.0,74.0,0.99408,0.81,12.0,6,9.799819999999999
0.4,1.9,0.082,8.0,24.0,0.996,0.69,10.6,6,8.23608
0.39,1.3,0.044,25.0,50.0,0.99478,0.83,10.9,6,11.520000000000001
0.32,1.8,0.132,17.0,44.0,0.99734,0.77,11.5,6,18.591040000000003
0.32,1.8,0.132,17.0,44.0,0.99734,0.77,11.5,6,18.591040000000003
0.53,2.2,0.078,33.0,89.0,0.99678,0.46,9.6,6,5.80932
0.36,2.2,0.074,9.0,23.0,0.99638,0.76,12.0,6,15.94005
0.39,2.5,0.08,8.0,20.0,0.9992,0.82,10.3,6,18.954179999999997
0.46,2.6,0.091,18.0,77.0,0.99922,0.51,9.4,5,6.6654
0.58,4.1,0.08,27.0,46.0,0.99592,0.47,9.2,5,0.6794999999999999
0.58,2.0,0.104,8.0,21.0,0.99769,0.72,9.6,5,7.3575
0.42,1.8,0.044,18.0,88.0,0.99157,0.73,13.6,7,0.0
0.43,2.1,0.075,19.0,66.0,0.99718,0.64,9.5,5,7.4936
0.18,2.7,0.066,15.0,58.0,0.9947,0.78,11.8,6,8.82266
0.815,2.6,0.074,48.0,90.0,0.99621,0.62,10.8,5,0.26364
0.43,2.1,0.075,19.0,66.0,0.99718,0.64,9.5,5,7.4936
0.23,2.2,0.057,14.0,36.0,0.99614,0.49,9.3,4,12.190019999999999
0.75,2.2,0.059,11.0,18.0,0.99242,0.4,12.8,6,0.24069
0.33,12.9,0.054,6.0,113.0,0.99572,0.56,11.5,4,6.335999999999999
0.55,1.7,0.07,7.0,17.0,0.99659,0.64,9.4,6,0.0
0.75,2.2,0.059,11.0,18.0,0.99242,0.4,12.8,6,0.24069
0.73,2.5,0.081,12.0,24.0,0.99798,0.46,9.6,4,0.0
0.67,4.3,0.057,11.0,20.0,0.99488,0.56,11.8,4,0.0
0.61,1.7,0.076,36.0,60.0,0.99494,0.4,9.3,5,4.65
0.37,2.5,0.079,28.0,65.0,0.99729,0.59,9.8,5,12.077520000000002
0.4,2.0,0.058,15.0,40.0,0.99414,0.6,12.2,6,11.8818
0.56,2.4,0.082,10.0,86.0,0.9983,0.62,9.5,5,6.153620000000001
0.29,13.4,0.067,72.0,160.0,0.99721,0.54,10.3,6,4.9117500000000005
0.55,1.8,0.082,15.0,34.0,0.99655,0.68,10.5,5,4.9069400000000005
0.74,1.7,0.086,15.0,48.0,0.99502,0.48,10.0,5,1.6161600000000003
0.55,1.8,0.082,15.0,34.0,0.99655,0.68,10.5,5,4.9069400000000005
0.41,2.2,0.081,22.0,36.0,0.9949,0.75,11.1,6,7.764570000000002
0.6,2.3,0.079,24.0,37.0,0.99514,0.61,10.9,6,0.24139999999999998
0.6,2.3,0.079,24.0,37.0,0.99514,0.61,10.9,6,0.24139999999999998
0.58,2.2,0.077,27.0,60.0,0.9963,0.59,9.8,5,3.444
0.72,1.8,0.123,6.0,14.0,0.99627,0.58,9.8,5,0.0
0.66,1.4,0.096,6.0,13.0,0.99569,0.58,9.5,5,0.0
0.7,1.9,0.079,20.0,35.0,0.99628,0.69,10.9,5,1.5912
0.64,2.4,0.069,26.0,46.0,0.99358,0.45,11.0,5,0.42334000000000005
0.59,1.8,0.082,43.0,60.0,0.99499,0.42,9.2,5,5.115
0.58,4.8,0.085,12.0,69.0,0.99633,0.7,11.0,6,6.5072
0.64,2.7,0.123,15.0,33.0,0.99538,0.63,11.3,6,0.0
0.64,2.7,0.123,15.0,33.0,0.99538,0.63,11.3,6,0.0
0.635,1.8,0.403,19.0,56.0,0.99632,1.15,9.3,5,17.66096
1.02,2.0,0.083,17.0,24.0,0.99437,0.55,11.2,4,0.0
0.45,2.5,0.081,34.0,66.0,0.99726,0.58,9.8,5,11.7306
0.78,2.2,0.089,13.0,26.0,0.9978,0.46,9.6,4,0.0
0.37,1.8,0.066,26.0,51.0,0.99456,0.72,11.8,6,9.1936
0.57,2.3,0.081,16.0,36.0,0.99564,0.6,10.3,6,1.2168
0.57,2.3,0.081,16.0,36.0,0.99564,0.6,10.3,6,1.2168
0.43,2.3,0.068,13.0,19.0,0.996,0.87,11.4,6,16.12
0.41,2.0,0.079,21.0,51.0,0.99668,0.55,9.5,6,7.4223300000000005
0.49,1.8,0.044,28.0,87.0,0.9908,0.82,14.0,8,0.5775
0.38,1.6,0.048,26.0,60.0,0.99084,0.75,14.0,6,0.185
0.44,1.6,0.049,24.0,64.0,0.9935,0.57,11.7,6,4.9348
0.46,1.9,0.077,25.0,44.0,0.99385,0.53,11.2,5,0.0
0.58,2.0,0.073,34.0,44.0,0.99494,0.43,9.3,5,4.65
0.58,2.1,0.102,17.0,36.0,0.9944,0.53,11.2,6,3.2853600000000003
0.715,2.3,0.075,13.0,81.0,0.99688,0.54,9.5,6,5.702400000000001
0.4,6.3,0.05,3.0,10.0,0.99566,0.56,12.0,4,11.152000000000001
0.69,1.9,0.114,3.0,10.0,0.99636,0.6,9.7,6,0.0
0.715,2.3,0.075,13.0,81.0,0.99688,0.54,9.5,6,5.702400000000001
0.3,1.7,0.062,3.0,9.0,0.9948,0.57,11.5,7,12.001080000000002
0.46,1.9,0.077,28.0,54.0,0.9956,0.64,10.4,6,4.7854
0.46,1.9,0.077,28.0,54.0,0.9956,0.64,10.4,6,4.7854
0.765,2.0,0.084,9.0,22.0,0.99619,0.68,10.9,6,0.0
0.63,2.7,0.096,17.0,69.0,0.99734,0.63,10.2,6,7.9413599999999995
0.42,2.3,0.071,18.0,36.0,0.99476,0.56,10.9,5,4.5087
0.37,1.8,0.09,20.0,47.0,0.99734,0.57,10.5,5,17.7975
0.16,2.5,0.068,17.0,31.0,0.99328,0.54,12.4,6,10.4654
0.6,2.6,0.056,3.0,7.0,0.99286,0.37,13.0,5,2.0608
0.6,4.5,0.068,20.0,110.0,0.99914,1.17,10.2,5,6.929999999999999
0.6,4.5,0.068,20.0,110.0,0.99914,1.17,10.2,5,6.929999999999999
0.74,1.9,0.1,6.0,12.0,0.99521,0.59,11.0,5,0.0
0.635,2.1,0.073,25.0,60.0,0.99638,0.75,10.9,6,2.6978
0.395,2.4,0.056,14.0,28.0,0.99362,0.67,12.4,6,2.7765400000000002
0.755,1.9,0.084,6.0,12.0,0.99672,0.49,9.7,4,0.0
0.635,2.1,0.073,25.0,60.0,0.99638,0.75,10.9,6,2.6978
0.63,4.3,0.093,51.0,77.5,0.99558,0.45,9.5,5,0.0
0.63,4.3,0.093,51.0,77.5,0.99558,0.45,9.5,5,0.0
0.53,2.1,0.064,15.0,29.0,0.99323,0.61,12.1,6,3.3768000000000002
0.6,1.4,0.063,11.0,18.0,0.99191,0.56,12.2,6,0.0
1.58,2.1,0.137,5.0,9.0,0.99476,0.4,10.9,3,0.0
0.645,2.15,0.08,15.0,28.0,0.99444,0.61,12.5,6,0.0
0.86,2.0,0.1,20.0,57.0,0.99598,0.74,11.7,6,1.6884000000000001
0.37,2.1,0.064,4.0,15.0,0.99576,0.8,11.2,6,9.609599999999999
0.28,1.8,0.081,28.0,68.0,0.99501,0.66,11.2,5,11.8272
0.79,2.3,0.087,21.0,68.0,0.9955,0.44,9.2,5,4.97952
0.61,1.9,0.073,24.0,88.0,0.99612,0.53,9.8,5,6.4350000000000005
0.69,2.5,0.088,22.0,91.0,0.9979,0.62,10.1,5,10.212159999999999
0.68,3.9,0.068,15.0,29.0,0.99524,0.52,11.1,4,2.0869199999999997
0.69,2.5,0.088,22.0,91.0,0.9979,0.62,10.1,5,10.212159999999999
0.62,1.4,0.071,27.0,63.0,0.996,0.61,9.2,5,2.296
0.61,1.9,0.073,24.0,88.0,0.99612,0.53,9.8,5,6.4350000000000005
0.51,3.0,0.064,12.0,27.0,0.9929,0.59,12.8,6,3.24675
1.18,1.9,0.083,14.0,41.0,0.99532,0.47,10.5,5,5.611199999999999
0.36,2.3,0.086,20.0,65.0,0.99558,0.54,10.1,6,4.998
0.36,2.4,0.086,24.0,69.0,0.99556,0.53,10.1,6,4.998
0.63,2.0,0.083,17.0,91.0,0.99616,0.58,9.8,6,6.601500000000001
0.74,1.2,0.041,16.0,46.0,0.99258,0.59,12.5,6,0.0
0.44,2.2,0.091,10.0,41.0,0.99638,0.69,11.9,6,14.481720000000003
0.63,2.0,0.083,17.0,91.0,0.99616,0.58,9.8,6,6.601500000000001
0.76,1.7,0.414,18.0,64.0,0.99652,1.33,9.1,6,17.9452
0.66,2.6,0.094,12.0,88.0,0.99796,0.66,10.1,5,10.751479999999999
0.74,1.2,0.041,16.0,46.0,0.99258,0.59,12.5,6,0.0
0.34,1.8,0.058,9.0,18.0,0.99392,0.55,11.4,5,12.15396
0.36,1.8,0.06,21.0,55.0,0.99495,0.82,11.0,7,11.28582
0.46,1.7,0.077,18.0,34.0,0.9948,0.6,10.6,6,5.45112
0.46,1.7,0.077,18.0,34.0,0.9948,0.6,10.6,6,5.45112
0.46,1.7,0.077,18.0,34.0,0.9948,0.6,10.6,6,5.45112
0.46,1.7,0.077,18.0,34.0,0.9948,0.6,10.6,6,5.45112
0.52,1.8,0.073,13.0,38.0,0.9955,0.52,9.3,5,2.3881
0.6,2.1,0.083,17.0,91.0,0.99616,0.56,9.8,6,6.32996
0.6,2.1,0.083,17.0,91.0,0.99616,0.56,9.8,6,6.32996
0.87,3.8,0.107,31.0,67.0,0.99668,0.46,9.2,5,6.61128
0.39,1.7,0.075,6.0,25.0,0.99581,0.43,9.7,6,2.5956
0.775,2.2,0.079,12.0,48.0,0.9976,0.51,9.6,5,6.366359999999999
0.835,2.0,0.166,4.0,11.0,0.99608,0.52,10.0,5,0.0
0.58,2.4,0.069,19.0,40.0,0.99387,0.66,12.6,6,0.44616
0.5,1.4,0.057,15.0,26.0,0.99448,0.45,9.5,5,0.0
0.5,1.4,0.057,15.0,26.0,0.99448,0.45,9.5,5,0.0
0.5,1.4,0.057,15.0,26.0,0.99448,0.45,9.5,5,0.0
0.51,1.7,0.084,13.0,31.0,0.99538,0.54,10.5,6,0.504
0.51,1.7,0.084,13.0,31.0,0.99538,0.54,10.5,6,0.504
0.51,1.7,0.084,13.0,31.0,0.99538,0.54,10.5,6,0.504
0.54,1.7,0.085,17.0,31.0,0.99589,0.51,10.4,6,0.51224
0.51,1.7,0.084,13.0,31.0,0.99538,0.54,10.5,6,0.504
0.42,2.6,0.077,8.0,20.0,0.99852,0.53,11.0,5,17.0568
0.44,2.3,0.063,10.0,28.0,0.99613,0.53,10.2,6,6.395999999999999
0.59,2.1,0.056,5.0,13.0,0.99472,0.56,11.4,5,0.21472
0.655,1.8,0.078,7.0,12.0,0.99587,0.39,9.5,5,0.72144
0.655,1.8,0.078,7.0,12.0,0.99587,0.39,9.5,5,0.72144
0.57,2.8,0.081,21.0,41.0,0.99518,0.52,10.8,5,0.0
0.6,2.0,0.069,32.0,73.0,0.99654,0.57,10.0,5,8.7174
0.62,2.3,0.065,8.0,46.0,0.99332,0.51,11.8,6,0.23904
0.645,1.9,0.086,14.0,57.0,0.9969,0.46,10.3,5,0.7683599999999999
0.645,1.9,0.086,14.0,57.0,0.9969,0.46,10.3,5,0.7683599999999999
0.58,2.3,0.077,7.0,28.0,0.99568,0.52,10.0,5,0.7236
0.32,1.8,0.086,5.0,32.0,0.99464,0.44,10.1,5,5.124
0.34,1.8,0.084,4.0,28.0,0.99464,0.44,10.1,5,5.124
0.43,2.5,0.078,27.0,67.0,0.99648,0.59,11.1,6,6.3072
0.64,5.4,0.168,52.0,98.0,0.99736,0.5,9.5,5,4.12624
0.475,1.4,0.091,6.0,28.0,0.99704,0.65,10.0333333333333,6,14.244799999999998
0.54,2.3,0.112,11.0,38.0,0.99699,0.56,10.9,5,9.24048
0.85,2.5,0.093,13.0,54.0,0.99724,0.54,10.1,5,3.9043200000000007
0.475,1.4,0.091,6.0,28.0,0.99704,0.65,10.0333333333333,6,14.244799999999998
0.83,2.0,0.08,11.0,63.0,0.99652,0.48,9.8,4,7.106400000000001
0.605,1.9,0.096,10.0,31.0,0.995,0.53,11.8,6,0.49824
0.5,2.2,0.115,10.0,42.0,0.9971,0.62,9.5,5,2.23236
0.74,1.7,0.094,10.0,45.0,0.99576,0.5,9.8,5,1.89216
0.54,2.2,0.088,9.0,105.0,0.99725,1.18,10.5,6,6.7275
0.77,2.1,0.079,16.0,74.0,0.99656,0.5,9.8,6,8.3712
0.61,1.6,0.069,4.0,8.0,0.99396,0.37,10.4,4,0.0
0.78,1.7,0.415,12.0,66.0,0.99623,1.17,9.2,5,13.311
0.58,3.1,0.153,5.0,14.0,0.99476,1.03,11.6,6,13.482000000000001
0.78,1.7,0.415,12.0,66.0,0.99623,1.17,9.2,5,13.311
0.75,3.8,0.11,34.0,89.0,0.99664,0.45,9.3,5,6.735960000000001
0.815,1.2,0.267,16.0,29.0,0.99471,0.51,9.8,3,0.0
0.56,2.0,0.083,13.0,100.0,0.99586,0.52,9.9,5,6.10272
0.885,1.4,0.086,7.0,31.0,0.9946,0.46,10.0,5,5.1004
0.49,2.3,0.09,23.0,74.0,0.9953,0.62,12.2,6,5.01592
0.45,2.0,0.078,10.0,28.0,0.99609,0.51,9.9,6,3.5532000000000004
0.57,2.6,0.077,11.0,35.0,0.99557,0.62,10.8,6,0.504
0.57,2.6,0.077,11.0,35.0,0.99557,0.62,10.8,6,0.504
0.83,1.8,0.074,4.0,25.0,0.99534,0.45,9.6,5,2.0685599999999997
0.6,2.1,0.08,25.0,105.0,0.99613,0.49,9.9,5,5.808
0.6,2.1,0.08,25.0,105.0,0.99613,0.49,9.9,5,5.808
0.755,1.8,0.107,20.0,84.0,0.99593,0.5,9.5,5,3.3973499999999994
0.81,3.4,0.076,34.0,85.0,0.99668,0.42,9.2,5,6.38
0.64,1.8,0.1,8.0,23.0,0.9961,0.58,9.6,5,1.7094
0.64,1.8,0.1,8.0,23.0,0.9961,0.58,9.6,5,1.7094
0.64,6.1,0.083,7.0,49.0,0.99718,0.68,10.3,5,6.8541
0.48,2.2,0.08,36.0,111.0,0.99524,0.53,9.7,5,0.4154
0.49,2.3,0.068,15.0,33.0,0.99292,0.59,12.5,6,0.0
0.64,2.4,0.094,5.0,33.0,0.99612,0.58,11.0,5,5.9312000000000005
0.62,1.3,0.07,5.0,12.0,0.9942,0.48,9.8,5,1.3504199999999997
0.52,2.0,0.078,19.0,59.0,0.99612,0.48,10.2,5,6.6
0.57,3.9,0.07,27.0,73.0,0.99669,0.48,9.2,5,2.9747200000000005
0.685,1.6,0.092,3.0,12.0,0.99745,0.65,9.55,6,2.8466
0.675,1.6,0.09,4.0,11.0,0.99745,0.65,9.55,5,2.8796999999999997
0.59,2.0,0.08,17.0,104.0,0.99584,0.52,9.9,5,6.22544
0.6,2.2,0.083,13.0,28.0,0.9966,0.62,10.2,7,2.9568
0.67,2.2,0.068,10.0,24.0,0.9956,0.72,11.1,6,0.0
0.69,2.1,0.08,33.0,141.0,0.9962,0.51,9.9,5,5.39175
0.69,2.1,0.08,33.0,141.0,0.9962,0.51,9.9,5,5.39175
0.3,2.0,0.052,6.0,24.0,0.9963,0.82,11.9,6,10.980479999999998
0.33,1.7,0.061,3.0,13.0,0.996,1.1,10.0,8,7.674480000000001
0.5,2.6,0.082,12.0,46.0,0.9985,0.62,10.7,6,10.701600000000001
0.28,2.0,0.062,18.0,34.0,0.9952,0.9,11.3,7,7.5767999999999995
0.24,5.1,0.062,8.0,22.0,0.9974,0.94,10.9,6,8.977360000000001
0.51,2.1,0.064,40.0,54.0,0.995,0.93,10.7,6,0.0
0.29,2.2,0.048,35.0,53.0,0.995,1.01,12.4,7,9.535319999999999
0.51,2.1,0.064,40.0,54.0,0.995,0.93,10.7,6,0.0
0.96,1.8,0.082,5.0,16.0,0.9936,0.44,11.9,6,0.0
0.47,2.4,0.071,8.0,19.0,0.9963,0.73,10.6,6,9.113600000000002
0.24,5.1,0.062,8.0,22.0,0.9974,0.94,10.9,6,8.977360000000001
0.57,2.0,0.104,12.0,89.0,0.9963,0.9,10.1,5,7.524
0.32,2.2,0.077,3.0,15.0,0.9994,0.78,9.6,5,18.88
0.58,1.6,0.065,8.0,18.0,0.9966,0.84,9.4,5,0.0
0.32,2.2,0.077,3.0,15.0,0.9994,0.78,9.6,5,18.88
0.34,2.5,0.064,21.0,37.0,0.9952,0.77,12.1,7,8.07015
0.53,1.6,0.077,3.0,19.0,0.995,0.46,9.8,5,0.24648
0.64,2.2,0.077,32.0,133.0,0.9956,0.45,9.9,5,5.28759
0.53,1.6,0.077,3.0,19.0,0.995,0.46,9.8,5,0.24648
0.4,1.6,0.079,24.0,58.0,0.9965,0.58,9.4,5,4.5089999999999995
0.54,2.1,0.079,39.0,55.0,0.9956,0.84,11.4,6,0.0
0.53,3.9,0.123,14.0,31.0,0.9968,0.67,11.0,4,2.016
0.26,1.4,0.076,8.0,23.0,0.9974,0.7,9.6,6,10.01146
0.26,1.4,0.076,8.0,23.0,0.9974,0.7,9.6,6,10.01146
0.23,1.8,0.046,23.0,60.0,0.9971,0.71,12.1,6,9.71509
0.41,2.5,0.078,6.0,23.0,0.9957,0.58,11.2,5,8.2764
0.64,1.9,0.072,27.0,55.0,0.9962,0.63,11.0,5,0.0
0.18,2.2,0.049,38.0,67.0,0.996,0.93,11.3,5,10.522800000000002
0.41,1.8,0.066,18.0,47.0,0.9956,0.62,10.4,5,5.98512
0.43,2.1,0.069,13.0,74.0,0.9958,0.54,9.9,6,7.680559999999999
0.44,1.6,0.042,3.0,11.0,0.9944,0.85,11.7,6,0.0
0.4,1.8,0.069,11.0,25.0,0.9955,0.74,10.1,7,3.33792
0.54,15.4,0.214,55.0,95.0,1.00369,0.77,9.0,6,12.00132
0.54,15.4,0.214,55.0,95.0,1.00369,0.77,9.0,6,12.00132
0.38,1.6,0.169,27.0,90.0,0.99914,0.65,8.5,5,11.97
0.915,4.8,0.07,15.0,39.0,0.99577,0.54,11.1,5,6.961159999999999
0.59,1.7,0.052,3.0,8.0,0.996,0.47,10.3,5,0.0
0.67,2.2,0.072,31.0,92.0,0.99566,0.68,11.0666666666667,6,0.48471999999999993
0.37,2.0,0.062,15.0,28.0,0.9947,0.73,11.3,7,7.4419200000000005
0.785,5.2,0.094,19.0,98.0,0.99713,0.52,9.56666666666667,6,4.442960000000001
0.63,1.9,0.078,18.0,30.0,0.99712,0.75,9.8,5,0.4692
0.58,1.75,0.058,8.0,22.0,0.99322,0.49,11.7,5,4.6644
0.67,2.2,0.072,31.0,92.0,0.99566,0.68,11.1,6,0.48471999999999993
0.785,5.2,0.094,19.0,98.0,0.99713,0.52,9.6,6,4.442960000000001
0.63,1.9,0.078,18.0,30.0,0.99712,0.75,9.8,5,0.4692
0.67,1.9,0.08,22.0,39.0,0.99701,0.74,9.7,5,0.0
0.58,1.9,0.08,40.0,54.0,0.99683,0.73,9.7,5,0.2346
0.38,2.0,0.056,15.0,29.0,0.99472,0.76,11.3,8,7.20936
0.37,2.0,0.062,15.0,28.0,0.9947,0.73,11.3,7,7.4419200000000005
0.32,2.7,0.104,8.0,17.0,0.99732,0.78,11.0,7,11.428560000000001
0.58,2.0,0.062,37.0,53.0,0.99374,0.76,11.6,7,0.4422
0.49,1.9,0.074,27.0,85.0,0.99706,0.58,9.0,5,8.55228
0.45,2.2,0.073,7.0,23.0,0.99974,0.69,10.9,6,23.660909999999998
0.9,1.6,0.052,9.0,17.0,0.99467,0.63,10.9,6,0.0
0.54,1.8,0.05,38.0,89.0,0.99236,0.5,10.55,6,1.1879999999999997
0.49,1.9,0.074,27.0,85.0,0.99706,0.58,9.0,5,8.55228
0.29,1.7,0.067,8.0,20.0,0.99603,0.6,10.5,5,11.390400000000001
0.2,1.7,0.054,7.0,15.0,0.99458,0.8,11.9,7,9.1798
0.42,2.3,0.054,34.0,64.0,0.99724,0.68,10.4,6,1.9641600000000001
0.785,2.1,0.06,6.0,13.0,0.99664,0.61,10.0,4,0.0
0.64,2.3,0.075,14.0,31.0,0.99545,0.58,10.4,6,0.6854399999999999
0.63,2.4,0.076,14.0,39.0,0.99522,0.53,10.8,6,0.23046
0.59,1.7,0.063,34.0,53.0,0.9958,0.67,9.7,5,2.3188
0.59,1.7,0.063,34.0,53.0,0.9958,0.67,9.7,5,2.3188
0.48,2.1,0.062,31.0,54.0,0.99728,0.65,10.0,7,7.7088
1.04,2.3,0.067,19.0,32.0,0.99648,0.57,11.0,4,1.88672
0.48,2.1,0.062,31.0,54.0,0.99728,0.65,10.0,7,7.7088
0.98,2.1,0.061,20.0,49.0,0.99705,0.55,9.7,3,1.20815
0.69,1.4,0.084,8.0,24.0,0.99578,0.47,9.7,5,3.1679999999999997
0.7,3.75,0.067,8.0,16.0,0.99334,0.52,12.6,5,1.8384800000000001
0.35,2.6,0.073,23.0,44.0,0.99656,0.79,11.1,6,15.412799999999999
0.6,1.8,0.071,14.0,45.0,0.99336,0.54,11.0,5,1.64944
0.5,13.8,0.205,48.0,82.0,1.00242,0.75,8.8,5,15.642000000000001
0.47,2.2,0.048,16.0,89.0,0.99182,0.88,13.5666666666667,7,2.06382
0.5,13.8,0.205,48.0,82.0,1.00242,0.75,8.8,5,15.642000000000001
0.47,2.2,0.048,16.0,89.0,0.99182,0.88,13.6,7,2.06382
0.875,5.7,0.082,3.0,14.0,0.99808,0.52,10.2,3,1.2069999999999999
0.28,3.0,0.104,10.0,22.0,0.99828,0.68,10.6,5,16.6788
0.62,1.5,0.08,6.0,13.0,0.99498,0.62,10.1,4,0.61488
0.28,3.0,0.104,10.0,22.0,0.99828,0.68,10.6,5,16.6788
0.58,2.1,0.114,3.0,9.0,0.99719,0.57,10.3,4,12.947040000000003
0.33,1.5,0.042,6.0,12.0,0.99542,0.61,10.7,5,11.9394
0.91,2.0,0.06,4.0,11.0,0.99592,0.64,10.9,4,1.4402399999999997
0.655,2.1,0.074,8.0,25.0,0.99606,0.55,9.7,5,3.7744
0.68,2.1,0.07,9.0,23.0,0.99546,0.6,10.3,5,4.826639999999999
0.64,1.9,0.066,9.0,17.0,0.99496,0.78,10.6,5,1.056
0.54,1.7,0.049,5.0,13.0,0.9942,0.58,11.4,5,0.83328
0.57,2.1,0.048,4.0,11.0,0.99448,0.76,10.8,6,2.1328
0.22,1.8,0.039,8.0,18.0,0.99344,0.56,12.4,6,11.793809999999999
0.54,1.7,0.049,5.0,13.0,0.9942,0.58,11.4,5,0.83328
0.65,1.6,0.05,6.0,18.0,0.99348,0.54,11.95,5,1.3280399999999999
0.54,1.9,0.089,23.0,147.0,0.99636,0.59,9.7,5,6.5265200000000005
0.31,1.4,0.066,15.0,28.0,0.99459,0.7,10.0,7,1.9699200000000001
0.43,1.9,0.08,15.0,28.0,0.99492,0.81,10.6,6,0.469
0.54,1.9,0.089,23.0,147.0,0.99636,0.59,9.7,5,6.5265200000000005
0.74,2.3,0.054,7.0,16.0,0.99508,0.63,11.5,6,0.7141500000000001
0.895,2.3,0.068,7.0,13.0,0.99582,0.58,10.8,6,0.93192
0.74,2.3,0.054,7.0,16.0,0.99508,0.63,11.5,6,0.7141500000000001
0.725,1.5,0.076,8.0,15.0,0.99508,0.53,9.6,5,0.978
0.82,4.3,0.083,21.0,64.0,0.99642,0.53,9.4,5,7.147919999999999
0.585,2.4,0.078,15.0,60.0,0.99638,0.54,9.8,5,4.34934
0.44,2.5,0.077,6.0,14.0,0.99555,0.69,11.0,6,8.48718
0.38,2.3,0.106,5.0,12.0,0.99605,0.55,11.4,6,14.363999999999999
0.76,1.8,0.078,6.0,12.0,0.996,0.63,9.95,3,0.4757
0.81,2.0,0.07,6.0,14.0,0.99562,0.66,10.8,6,1.1934
0.38,2.3,0.106,5.0,12.0,0.99605,0.55,11.4,6,14.363999999999999
0.27,2.1,0.074,17.0,25.0,0.99814,0.72,10.6,6,14.398799999999998
0.18,1.8,0.062,7.0,20.0,0.9941,0.7,11.1,5,10.3648
0.36,2.2,0.047,26.0,48.0,0.99661,0.77,9.7,6,4.66368
0.69,2.1,0.068,19.0,27.0,0.99712,0.67,9.8,5,0.97696
0.79,2.2,0.061,11.0,17.0,0.99588,0.65,10.4,6,0.9036799999999999
0.56,1.8,0.078,17.0,65.0,0.99294,0.6,10.5,6,3.1968
0.84,4.1,0.074,16.0,65.0,0.99842,0.72,9.23333333333333,6,5.11497
0.84,4.1,0.074,16.0,65.0,0.99842,0.72,9.25,6,5.11497
0.32,2.3,0.071,23.0,58.0,0.99633,0.97,10.6,5,5.2155
0.53,2.0,0.063,29.0,44.0,0.99489,0.83,10.3,6,1.3181999999999998
0.47,2.2,0.114,7.0,20.0,0.99647,0.63,10.5,5,11.301280000000002
0.7,2.6,0.106,14.0,27.0,0.99665,0.58,10.2,5,1.8163199999999997
0.53,2.0,0.063,29.0,44.0,0.99489,0.83,10.3,6,1.3181999999999998
0.48,1.9,0.082,9.0,23.0,0.99585,0.43,9.05,4,4.6782
0.32,2.3,0.071,23.0,58.0,0.99633,0.97,10.6,5,5.2155
0.48,2.0,0.076,29.0,61.0,0.9953,0.6,10.4,5,5.678
0.42,2.0,0.075,22.0,47.0,0.99522,0.78,10.0,6,3.8646
0.48,2.1,0.064,18.0,34.0,0.99552,0.64,9.7,5,1.78488
0.47,2.2,0.064,18.0,38.0,0.99553,0.65,9.6,6,1.7952
0.53,1.7,0.071,15.0,24.0,0.9951,0.66,10.8,6,1.63513
0.29,2.2,0.096,21.0,59.0,0.99714,0.67,10.1,6,12.81301
0.69,2.1,0.063,42.0,52.0,0.99608,0.6,10.2,6,1.94256
0.44,2.2,0.063,9.0,18.0,0.99444,0.69,11.3,6,2.0314799999999997
0.705,2.8,0.081,13.0,28.0,0.99631,0.66,10.2,5,2.196
0.53,2.0,0.058,18.0,22.0,0.99573,0.68,9.9,6,3.0045600000000006
0.39,1.9,0.074,32.0,84.0,0.99717,0.61,9.0,5,8.136
0.56,2.4,0.064,13.0,29.0,0.99397,0.62,11.7,7,3.1600800000000002
0.55,2.2,0.075,15.0,35.0,0.9959,0.59,9.7,6,3.0576
0.53,1.9,0.077,24.0,45.0,0.99528,0.68,10.3,6,1.7568000000000001
0.58,1.9,0.059,20.0,31.0,0.99484,0.64,10.2,6,1.5120000000000002
0.64,2.5,0.081,15.0,26.0,0.99538,0.63,12.0,5,1.99206
0.39,1.8,0.065,34.0,60.0,0.99714,0.78,9.9,5,7.97184
0.52,4.4,0.071,11.0,32.0,0.99646,0.63,11.6,6,1.7657600000000002
0.25,2.2,0.054,19.0,49.0,0.99666,0.76,10.9,7,7.296399999999999
0.855,1.9,0.064,29.0,38.0,0.99472,0.56,10.75,6,0.4422
0.44,2.2,0.064,14.0,19.0,0.99758,0.57,10.4,6,15.151499999999997
0.37,2.3,0.063,12.0,19.0,0.9955,0.81,11.2,7,11.45004
0.63,1.8,0.059,16.0,28.0,0.99531,0.64,10.1,6,7.2072
0.57,2.0,0.072,17.0,26.0,0.99575,0.61,10.2,5,0.4704
0.6,1.6,0.048,12.0,26.0,0.99306,0.51,12.1,5,2.2365
0.4,2.0,0.099,19.0,50.0,0.99783,0.58,10.4,5,17.36
0.36,1.8,0.074,17.0,24.0,0.99419,0.7,11.4,8,7.192800000000001
0.68,2.3,0.087,17.0,26.0,0.99783,0.53,9.5,5,0.0
0.67,2.3,0.083,18.0,27.0,0.99768,0.54,9.4,5,0.0
0.68,3.7,0.103,32.0,54.0,0.99586,0.66,11.3,6,0.22113
0.735,2.2,0.08,18.0,28.0,0.99765,0.6,9.4,5,0.0
0.855,2.4,0.062,15.0,23.0,0.99627,0.6,11.0,6,0.46728
0.56,1.7,0.065,15.0,24.0,0.99514,0.68,10.55,7,4.0936
0.88,2.2,0.066,12.0,20.0,0.99636,0.56,9.9,5,0.93192
0.855,2.4,0.062,15.0,23.0,0.99627,0.6,11.0,6,0.46728
0.63,6.7,0.235,66.0,115.0,0.99787,0.56,9.5,5,7.331940000000001
0.6,2.0,0.08,31.0,131.0,0.99622,0.52,9.9,5,6.50988
0.6,2.0,0.08,31.0,131.0,0.99622,0.52,9.9,5,6.50988
0.6,2.0,0.08,31.0,131.0,0.99622,0.52,9.9,5,6.50988
0.695,2.0,0.076,12.0,20.0,0.99546,0.54,10.1,5,3.0794400000000004
0.695,2.0,0.076,12.0,20.0,0.99546,0.54,10.1,5,3.0794400000000004
0.695,2.0,0.076,12.0,20.0,0.99546,0.54,10.1,5,3.0794400000000004
0.67,1.9,0.061,26.0,42.0,0.99489,0.82,10.9,6,0.45426000000000005
0.16,2.1,0.059,24.0,52.0,0.99494,0.71,11.2,6,14.32192
0.695,2.0,0.076,12.0,20.0,0.99546,0.54,10.1,5,3.0794400000000004
0.56,1.6,0.077,25.0,42.0,0.99629,0.59,9.2,5,3.0394
0.51,1.9,0.056,15.0,34.0,0.99396,0.57,11.5,6,3.02064
0.36,2.2,0.23,19.0,35.0,0.9934,0.93,12.4,6,11.431040000000001
0.38,2.2,0.038,15.0,25.0,0.99514,0.65,11.1,6,3.0822400000000005
0.69,2.2,0.069,35.0,104.0,0.99632,0.51,9.5,5,7.778880000000001
0.58,2.4,0.075,15.0,50.0,0.99467,0.67,12.5,6,4.296
0.31,13.9,0.074,23.0,92.0,0.99677,0.48,10.5,6,14.807519999999998
0.52,2.2,0.06,12.0,20.0,0.99474,0.64,11.8,6,9.780000000000001
0.3,1.6,0.081,16.0,29.0,0.99588,0.78,10.8,6,16.631999999999998
0.7,5.1,0.076,13.0,27.0,0.99622,0.6,11.9,6,3.2922
0.67,1.8,0.118,13.0,20.0,0.9954,0.67,11.3,6,3.4884
0.56,1.7,0.053,24.0,32.0,0.99402,0.6,11.3,5,1.97532
0.35,2.4,0.068,9.0,26.0,0.9947,0.6,11.9,6,8.20512
0.56,1.7,0.053,24.0,32.0,0.99402,0.6,11.3,5,1.97532
0.715,2.6,0.053,13.0,27.0,0.99362,0.5,11.9,5,2.1776999999999997
0.46,2.1,0.074,32.0,98.0,0.99578,0.62,9.8,5,5.98734
0.32,2.4,0.061,24.0,34.0,0.99484,0.8,11.6,7,9.69892
0.39,2.6,0.066,22.0,48.0,0.99494,0.84,11.5,6,10.4544
0.31,2.4,0.065,34.0,60.0,0.99492,0.85,11.4,6,10.270499999999998
0.61,1.8,0.066,18.0,28.0,0.99483,0.66,10.9,6,2.2649
0.66,2.5,0.068,34.0,102.0,0.99414,0.78,12.8,6,7.769520000000001
0.725,7.8,0.073,29.0,79.0,0.9977,0.54,9.2,5,4.3427999999999995
0.55,1.8,0.077,26.0,35.0,0.99314,0.82,11.6,6,3.1373999999999995
0.74,1.7,0.089,16.0,26.0,0.99402,0.56,11.6,6,1.78362
0.51,2.3,0.076,29.0,40.0,0.99574,0.75,11.0,6,2.80098
0.62,1.9,0.068,28.0,38.0,0.99651,0.82,9.5,6,1.8604800000000001
0.6,2.0,0.09,32.0,44.0,0.9949,0.58,10.5,5,1.7112
0.55,2.2,0.062,39.0,51.0,0.99512,0.76,11.2,6,2.0768
0.51,2.3,0.076,29.0,40.0,0.99574,0.75,11.0,6,2.80098
0.645,2.0,0.075,32.0,44.0,0.99547,0.71,10.2,5,2.52756
0.31,3.6,0.067,18.0,42.0,0.99549,0.66,11.0,6,9.5598
