0,1,quality
-35.49124147515526,3.276338035471062,5
-70.75387009310751,9.708559403738892,5
-55.87881981437534,2.79877698917129,5
-62.146209313456566,3.3491156997311697,6
-35.49124147515526,3.276338035471062,5
-41.78214621816709,3.9123360898362094,5
-60.75297480765875,1.6884623225141424,5
-23.673588441590606,10.026309839997769,7
-19.440448288282738,4.821182255710309,7
-103.179313972424,-5.699078524350807,5
-66.61742621408773,0.4029117568753044,5
-103.179313972424,-5.699078524350807,5
-60.982692838859535,2.727079781913212,5
-30.17230239439503,2.4022135117140713,5
-152.77337283722744,18.94351178752859,5
-155.48242521997523,17.312643504281958,5
-108.05105636935225,11.56464861017221,7
-58.045346753291184,3.3145838212911056,5
-29.542721670685953,-0.4838827778923377,4
-58.2668508230625,4.293724652308061,6
-64.78817227368968,15.101421637273527,6
-74.21790747117146,6.883419207352738,5
-38.19322567762401,1.6294901844083687,5
-67.24764962212559,-5.921329846294795,5
-43.539315429559025,11.737340757020586,6
-24.761790482111007,5.703269212883406,5
-11.515907835400109,1.4792461406475275,5
-38.19322567762401,1.6294901844083687,5
-37.12534447138762,5.990230898567419,5
-17.26834782861467,4.288124992702689,6
-83.64115564206425,-1.348283492497673,5
-40.82634550828571,13.383486977326081,6
-113.4407764159658,-10.129584291899302,5
-89.72551503300521,20.941669110450448,6
-51.553639433842136,1.7723202108731815,5
-18.594661238588465,0.9605921868994746,6
-15.195481800287027,-0.3504682376608642,6
-32.021809584867235,6.0913888049583855,7
-19.98523006471654,2.699785483733694,4
-87.44934100749677,-7.289049982344694,5
-87.44934100749677,-7.289049982344694,5
-48.51243420321744,6.474456170128278,4
-15.31967460659532,4.74928542953995,6
-24.313864899083804,3.732733393317376,5
-11.739662460731155,2.474395004783367,5
-65.07592348335288,-6.311660865689106,4
-115.95524329473061,-3.5183573673714434,5
-38.62593901092134,3.560298947962028,5
-12.7179511285911,2.2579099443372046,5
-96.2101119902894,-9.28764915611303,5
-23.21789944045443,-1.1828123236235735,5
-16.304263126755522,4.532345611061502,6
-14.890002156303565,2.799630906817307,6
-122.58437082636821,3.180564267564605,5
-78.35909368727572,16.210175226399105,6
-49.30168046220291,14.536882036635248,5
-10.537620366986914,1.653516758859959,5
-118.20541053869617,24.70635320482571,5
-56.31516157350348,4.752661419952298,5
-46.76656074849681,-1.293895485434204,6
-54.79958234054243,7.104139806552493,5
-113.56199864017096,-5.033886369229655,5
-36.684535138013096,4.031239515232948,7
-55.443354925532844,0.864422497608556,5
-11.534117968580096,1.5411739203710897,5
-11.534117968580096,1.5411739203710897,5
-40.36426717077224,2.1775679275915287,5
-15.853147696066017,2.593701675607234,5
-69.22000123922443,12.067233786797992,5
-20.18896285852752,3.6354975739510156,6
-29.534480249554314,8.70337032006531,6
-97.29576072374975,-4.44970835504984,5
-95.56154003581543,-3.038877276436462,5
-44.26991128211638,1.282477409749047,4
-87.00993796241526,9.082088427952305,5
-42.8459817304998,-0.4408302984901406,5
-42.8459817304998,-0.4408302984901406,5
-32.24486779761673,7.11649310133558,6
-80.59207683807152,-5.7914496400511215,5
-121.91877498855057,0.2410737741609324,4
-15.208493388925538,-0.3443737643119676,5
-70.09390965577248,6.767977043959145,5
-75.73409112927443,4.486473903004532,5
-53.17208623972147,4.430766297999647,5
-63.366713372688004,4.229984979111689,6
-43.097382613406815,9.789987676461092,5
-136.9700490134063,-10.298656298344962,6
-32.12339289741953,1.9775928135051684,5
-129.30134083265577,5.742775681041281,5
-25.08200122212372,2.5421303839135234,5
-145.69407291678084,10.292548508792814,5
-136.9700490134063,-10.298656298344962,6
-133.82566562524713,-10.617526475916337,5
-32.12339289741953,1.9775928135051684,5
-91.8200061274328,21.437349300617793,4
-107.05089850630853,-6.513294590179869,6
-24.107181003582994,2.803793746367664,5
-22.036881921376423,-1.892189948645504,5
-10.763355004190036,2.6854957211370234,5
-36.90291977256946,4.984493597212528,6
-51.09327699022903,-0.23502300911288998,6
-23.117745200551187,2.981384040438495,6
-36.90291977256946,4.984493597212528,6
-65.9548744835329,-2.5534009908614848,5
-36.13326504958498,-3.0059144818033863,5
-65.9548744835329,-2.5534009908614848,5
-71.16875190092682,2.4253511980523625,5
-65.64337890603528,0.6340685614820437,5
-81.90472707781926,0.027101348659119413,6
-157.28470256256998,2.5624160043475186,5
-48.39011281106643,1.3953483900336396,5
-107.68546353485428,-12.939471733887006,5
-111.2690650258553,-10.670414703606069,5
-49.5918090372377,11.320450228651174,6
-48.39011281106643,1.3953483900336396,5
-63.23135817733421,-0.9329768744866587,6
-41.33600711250021,1.949175878458282,6
-28.760144613357724,0.6797494274316365,6
-57.59725064652302,1.3769061336348012,6
-91.56389556876428,1.9685748378276178,6
-88.93634381100928,-9.74673862969857,5
-57.59725064652302,1.3769061336348012,6
-13.258205009688721,0.07754194622848669,5
-35.492996564368845,3.2709805258293287,5
-104.02022819360657,-1.8693486682256466,5
-93.62124272501309,6.581975753302278,5
-12.259505952869722,0.289635358097092,5
-12.260979244776639,0.2931650857619147,5
-16.166721558804095,-0.5850527059842529,7
-19.768814794598125,1.7136172081821017,5
-137.21476538119893,-0.10113998117577586,5
-100.21500782436826,-5.001185190707699,5
-100.21500782436826,-5.001185190707699,5
-28.997819876945062,10.899787924442368,6
-31.047128967034265,6.318335143976937,6
-64.87297799947848,1.7817792945913815,5
-52.82772889024473,-1.6618722498147065,5
-46.66475966130932,2.8211956978187565,5
-105.6384990768536,-8.37246787257245,5
-109.00238683607239,-7.079832636321186,5
-64.87297799947848,1.7817792945913815,5
-52.82772889024473,-1.6618722498147065,5
-67.27087643743396,12.651894638807265,6
-20.085844645731505,-1.4370527574597938,5
-67.27087643743396,12.651894638807265,6
-144.47986501088897,0.3122846985195268,5
-96.22562936305313,-0.06009798026650234,5
-87.95596532663389,-9.531579194961207,5
-31.808789282300076,5.155163453634818,6
-44.26819704607549,1.312369803775578,6
-11.734094475980594,2.4762637674920978,6
-74.238589230457,16.064089860658953,4
-101.96841674195129,2.7067282672297233,5
-101.96841674195129,2.7067282672297233,5
-132.14612940047328,0.09637578240193515,5
-130.95159142786827,-0.6599797840740087,5
-132.14612940047328,0.09637578240193515,5
-130.95159142786827,-0.6599797840740087,5
-24.007015510460878,6.887565628024371,5
-87.76280731408093,-1.2676706060789484,6
-20.954866495274956,2.437745328102556,5
-21.389088026285624,4.375458084656543,4
-33.86934282551769,9.78126758377873,6
-125.89342720296384,8.67126256284853,5
-125.67431427694444,7.69729314465461,5
-96.63520982238752,-7.383370031913445,5
-102.39404793144459,-4.536776325385662,5
-44.61034182292038,7.369526830072377,4
-45.24707032557661,1.1180887031990476,6
-64.65965771586885,0.8249298457809795,5
-8.589642187059743,2.1227898408968264,4
-18.784548850523596,1.885897182365688,6
-18.784548850523596,1.885897182365688,6
-46.12846590933214,14.23376867704496,6
-35.59227365051478,-0.8393226243652234,5
-51.876269822833294,7.803556637025534,5
-35.59227365051478,-0.8393226243652234,5
-38.73323034861458,-0.5076981061383595,6
-20.962733137757656,2.458956192201314,5
-43.072995365558576,0.5220316128108542,5
-43.072995365558576,0.5220316128108542,5
-112.26165751574737,-1.696685684096365,5
-44.39803207857075,6.41096284736801,5
-65.74071740999915,-3.4986300283814358,5
-62.158599185466265,-5.764290366696367,6
-88.5234684323156,6.708411514842489,5
-68.34734308984335,-1.02531665564864,5
-27.250442683736257,3.0813832629102946,5
-142.71283707384123,-16.69553543697731,5
-144.1253597343429,-14.964982882168929,5
-128.42171850422494,-7.339792573067611,5
-52.318493476941285,9.775108848108898,6
-126.36748307390661,-11.95167958634504,5
-28.761239480521013,0.6906116361561878,5
-28.761239480521013,0.6906116361561878,5
-122.24321892119573,-2.8821418316639917,5
-56.85579300638996,2.598943264371947,5
-28.851768123470364,5.695272553515813,6
-93.47741264593468,-7.596918804924388,7
-32.77527308368881,4.950617056968714,4
-25.273273134223405,3.4684901401186092,7
-149.91351617370827,6.249282063888126,5
-51.220321647243075,4.879977487995735,5
-41.46504673860851,7.060325559687916,5
-39.07598298498736,5.547582785177236,6
-29.16359733366965,2.5361034506222397,7
-29.16359733366965,2.5361034506222397,7
-122.67981546394176,-0.9350664936523493,5
-96.54414188366214,-3.2525929466834405,5
-19.953363796563487,2.5898287431398237,7
-19.510764256883682,0.6963602952532598,6
-62.5917618053497,-3.8254830005902223,6
-15.611207798298672,1.4953333899395722,6
-69.45110572740006,13.062561975868695,5
-42.1015947355106,0.769380039483855,6
-123.68567306141627,-1.075151639426092,5
-50.54695249818025,1.934919205789097,5
-42.32128446711673,1.7249477936981774,5
-45.02662636053067,0.11332343785526594,5
-145.66230081891686,-8.129915759542488,5
-61.75105833545027,10.691406870494035,6
-73.66225092884478,-0.1666834711222565,5
-10.761404151792998,2.6898828451704624,5
-28.970382411226907,1.6438361738946348,6
-56.8443841044108,2.5703133849604556,4
-67.722548894436,14.498521514256545,6
-84.84129438643106,8.55597691482797,6
-24.314882158893308,3.7082538051689213,5
-67.722548894436,14.498521514256545,6
-38.1983399342617,1.686769622091752,5
-107.48396274152769,-4.593066988280485,7
-50.33746676005214,0.9596580961292915,6
-60.43927603284965,4.835423840372413,6
-38.1983399342617,1.686769622091752,5
-37.54412253645853,-1.3034690107316984,6
-40.05431354388854,5.325112874303935,6
-40.05431354388854,5.325112874303935,6
-41.247583419948036,6.0843447188766815,6
-40.05431354388854,5.325112874303935,6
-37.54412253645853,-1.3034690107316984,6
-61.48710377874542,-8.746839135915014,5
-24.60425976122873,0.5011339901224018,6
-112.38251969166278,3.4331203734212776,6
-25.472927150892392,4.307415183207396,7
-25.472927150892392,4.307415183207396,7
-23.662838843489666,0.8195321709451553,6
-53.17329492070096,4.4390858419260475,5
-73.54193615909185,-5.278937163559773,5
-39.925775305096124,0.22723780762423001,6
-23.662838843489666,0.8195321709451553,6
-39.485358714141746,7.418675968339552,6
-36.583327675603215,8.166163662295588,6
-21.475005132714532,0.2097277863899044,5
-85.5676521299905,-11.041175699693545,5
-36.583327675603215,8.166163662295588,6
-119.7453057815468,-9.482566162511926,5
-13.680468446423495,1.9733135596376847,5
-57.18295842586685,-0.5461198117097315,5
-45.56475604734081,-2.0687178048617216,5
-35.15527569915544,6.381742196800903,7
-47.75152156757989,7.678862785495007,5
-67.91096803566349,-2.9631537901408938,4
-36.23882138445385,2.0740492359960863,5
-52.749409632605534,11.680538087336366,5
-27.312073096915928,-1.139731545585044,5
-10.947777106906287,3.557784556281379,7
-65.12276960721786,11.99930495084615,4
-39.28377857357959,6.576118473628194,8
-27.79861856789076,0.9328955337652248,6
-23.215388356324404,-1.2078565166460082,6
-65.34312304619152,12.999910144616047,6
-23.215388356324404,-1.2078565166460082,6
-67.04276251280803,2.289533254028409,5
-39.173400933372825,1.4058306726032022,5
-97.57725298008955,5.799237067248803,5
-65.34312304619152,12.999910144616047,6
-27.79861856789076,0.9328955337652248,6
-23.215388356324404,-1.2078565166460082,6
-13.689703856457136,2.0480432309893475,8
-47.97203271796668,-0.5241427320664669,7
-19.75265625284716,1.6040705905063204,6
-10.770790065274735,2.6948793072607202,7
-54.25817596493597,0.0947983292699658,5
-47.97203271796668,-0.5241427320664669,7
-76.18250452170948,15.619220652874723,5
-76.18250452170948,15.619220652874723,5
-53.15750622727721,13.54820904806924,6
-57.971717241330495,16.694535494359044,6
-52.085780609548536,8.762782443264655,7
-102.73729943388884,10.63198428605884,5
-52.085780609548536,8.762782443264655,7
-18.75789068558232,1.832664238149089,5
-50.66561798047059,6.98738188056373,6
-16.618775158820746,1.3925744222700445,6
-55.31683202090502,4.84122936239934,6
-27.3321940937644,-1.1184098739881652,5
-73.88197408833861,9.960363201408848,5
-29.957689157603255,1.4569061019427365,5
-31.253836377320432,-1.9041966924120324,5
-33.86250206142687,0.5870727880864963,5
-47.21490414434682,9.88865187839412,6
-16.04729926580819,3.450697885666566,6
-29.85280784916245,5.5598494373707465,5
-21.491091219590288,0.26804217695210897,5
-90.34511632514486,-8.035092393577163,5
-25.604017104553765,0.30380615936870775,6
-54.13080287954406,-5.005829442800575,5
-14.869359569225319,2.7143261309998534,6
-12.699158802873825,2.176798894696589,6
-31.14837401217765,2.200031214628397,6
-25.604017104553765,0.30380615936870775,6
-105.63766929885384,-8.377713357258104,6
-99.68288114233569,-2.9600141711912435,6
-138.1952152552837,-0.3217941895369901,5
-75.84574021536085,9.617067263682115,5
-55.995663440503286,7.931045279104294,6
-97.76597472191888,15.90934090118912,5
-78.66558846121049,13.021694382255141,6
-62.05507069450026,7.542308165099247,7
-78.66558846121049,13.021694382255141,6
-62.05507069450026,7.542308165099247,7
-90.2657097672947,5.301673909442829,5
-18.787795417986676,1.8954471615667763,5
-78.78476359636592,18.08541127165142,6
-51.603918896353875,1.7592276586857327,6
-51.603918896353875,1.7592276586857327,6
-14.859627211615228,2.724972356312982,7
-13.68031085478862,2.0106351604625052,5
-21.680546794856504,1.1125977828095304,6
-16.05798988779764,3.4566553768263373,5
-42.07397836495731,0.7558954856499576,6
-42.07397836495731,0.7558954856499576,6
-115.74172379081521,-4.4857812403746795,6
-46.32779069469017,5.963893503487208,5
-40.694666586724395,8.28012038494534,7
-21.89981216858245,2.168577607923856,7
-16.80587942364378,2.348557038699761,6
-62.84658718339739,15.589656593981779,5
-102.59662271472229,5.547383379372542,6
-30.80156474808185,5.2329706288705555,7
-22.564914972307466,5.033244085454204,6
-18.542580454826254,0.8858320955193024,6
-14.858577532190287,2.698026118292365,6
-14.858577532190287,2.698026118292365,6
-32.41597922047907,-1.2453755009717362,6
-70.13207888877983,25.227786501544607,5
-36.797873982994794,9.198340188664368,7
-15.813048119760234,2.4535971713673557,6
-48.06547676756865,4.5148324569356735,6
-29.632941303662104,4.556524353139585,6
-36.78807234839843,9.06414824804878,6
-27.68158458065607,4.99428594279162,6
-20.20270395174897,3.630620876300255,5
-80.03669173193374,5.502024973357707,5
-169.74910934702308,3.429432078413238,6
-34.840049256996615,9.637613689625807,6
-59.894234297764996,16.169819030871146,5
-30.80727581052223,5.315073630246959,7
-24.51651848448102,4.627069039009617,7
-42.07386310397415,0.6555959220125681,6
-82.00081383038544,-4.106625436127707,5
-53.2862589795861,9.512043335810725,6
-37.29795725976967,-2.3521366193739404,5
-15.823791496818433,2.447367616740872,5
-42.4182756170048,-2.456121732907707,7
-21.913891041950887,2.209159829202856,6
-42.4182756170048,-2.456121732907707,7
-25.72483705742219,5.393111895111667,5
-76.35954627731618,-1.8593802002537776,5
-18.76176345126929,1.896907797708667,7
-69.04189980362193,20.3579632496134,5
-26.708936560551706,5.220389933412189,6
-50.46340126997331,15.253125076311594,6
-72.78986405285738,-4.068643311847085,5
-47.048016778983005,-4.564914801942889,6
-15.840541405402488,2.5209181483003267,7
-49.90029622172016,8.168617073773692,6
-18.76176345126929,1.896907797708667,7
-24.628321156223507,0.5953612732904864,6
-63.694837303802544,10.267356738019842,6
-28.656875443594508,4.787135553358173,6
-45.551872118040535,7.0241720050054095,6
-28.656875443594508,4.787135553358173,6
-28.656875443594508,4.787135553358173,6
-57.632299631315504,10.592683690481175,5
-38.42074557469682,2.6293111770073545,6
-51.77676213687585,11.9026487507553,6
-44.60308168724294,7.356960224509027,6
-56.6542529685311,10.807177269306043,6
-51.20863528239341,4.8304931166184435,7
-88.38129906440413,-7.481600084217769,8
-45.551872118040535,7.0241720050054095,6
-26.578917860803998,0.10169683663971199,5
-95.44215921758322,-8.15715950753255,5
-25.583829915375812,0.25199550495092965,5
-38.48740697062802,-1.534854533938931,7
-135.83081264281523,39.256902740381044,5
-50.53503723746162,1.8736305290750694,6
-50.53503723746162,1.8736305290750694,6
-42.85461038773565,-0.4542871080629129,5
-135.83081264281523,39.256902740381044,5
-41.35112033766665,11.188260031136618,6
-66.48220541894267,4.417548774910475,6
-42.077685563664964,0.6955619351856427,6
-29.5439923905954,8.706270205016974,5
-26.693401002937442,5.2191726250735595,6
-29.181097973060883,2.6072907126621474,6
-31.77988682023087,5.047551551153547,7
-16.81991725665661,2.3145073626058985,6
-53.39933506839993,14.529049001428291,4
-89.50412252221004,6.490671766477336,6
-81.04065452719196,5.312634573731578,5
-78.32344117364437,-2.2316060622496927,5
-19.773437039225442,1.7093222114291537,7
-124.19385018697376,-3.3344409292768695,5
-137.47037205201084,0.9110771692761356,5
-20.705919798585285,1.4229392516666521,6
-128.33145052499725,6.030115327453672,5
-20.923308915274824,2.3465649120131755,6
-58.086832045089864,21.787756676627506,5
-72.91749502599028,19.44742801104866,7
-53.7367259290282,20.75756213553621,7
-61.723941929423546,1.4996664973121618,5
-24.612791455879208,0.5391508885310798,7
-61.723941929423546,1.4996664973121618,5
-53.7367259290282,20.75756213553621,7
-50.89673331219233,8.06860122565506,6
-32.425224637508244,-1.196516691773726,6
-31.13590251439738,2.1512099900335766,5
-36.869766440645535,4.895514678755872,6
-24.612791455879208,0.5391508885310798,7
-68.90300869973454,6.012915820911547,5
-25.907707835074852,6.384152883890578,6
-18.758942630369134,1.78899939940827,5
-57.40206030263163,9.57392595364801,6
-18.758942630369134,1.78899939940827,5
-68.71159086001366,23.475608900538983,6
-22.66606358512488,0.9765118554678659,6
-57.40206030263163,9.57392595364801,6
-50.22641817972559,-4.125510154557725,5
-29.486924674604822,-0.6238195996853637,8
-27.748690823943992,0.8278341270687688,6
-43.13219875757134,-3.7240010237340417,7
-20.83312655860745,6.537063652637005,7
-27.339782226114156,-0.9491229976211929,7
-31.45442564938019,-0.982299013166603,6
-76.91208018888926,14.362330082584506,5
-16.81345820546132,2.3222450202314775,5
-27.774539158091454,0.8904315485637753,6
-37.751471517807104,8.829094595968053,6
-37.751471517807104,8.829094595968053,6
-27.243227305971022,3.045570673462784,6
-37.997042700631376,9.905137079508588,6
-22.44797098003705,0.01440590974398643,7
-69.86615603382549,5.835465022566916,5
-19.7411609305003,1.6828113944280718,8
-22.458562257719716,0.03204404903497747,5
-69.67139015278246,14.01226349821397,5
-22.44797098003705,0.01440590974398643,7
-47.935722973382774,-0.6503159156699421,3
-25.39573131690827,8.597798456549606,6
-19.763033450268164,1.6673027110218237,5
-26.459610540512124,4.225246992455369,5
-131.24575011277736,-3.8897276410778714,5
-15.618184303797682,1.4829738987151933,6
-27.457752431065025,4.005495448585887,5
-54.23620000499095,9.267884258605763,6
-18.973263910766892,2.9179142387941104,6
-21.691699728857465,1.1471538068971283,6
-54.60574132805714,24.558811495931995,5
-49.0146727826088,4.220230216658881,5
-56.09569945092545,12.969799997860237,6
-71.69685239921617,9.385335793123158,6
-14.643374859086864,1.761396254041019,5
-25.49494263411935,4.4124103809047215,6
-28.308185257263307,-1.3012204578911923,5
-16.822047944187368,2.2995354405485084,5
-20.70812823646392,1.4140021056969048,6
-28.308185257263307,-1.3012204578911923,5
-31.46025261603033,-0.9732017599302525,6
-23.763797307686296,0.8785840680380999,5
-17.79143573572316,2.1154629826399187,8
-18.769281554377738,1.8271799081941886,5
-18.988142930995444,2.8024217310782116,5
-24.614302128017904,0.5924912483656083,6
-17.789560763028998,2.061128181084844,5
-17.789560763028998,2.061128181084844,5
-14.642777359075355,1.7416097985524783,6
-72.91441142608751,19.387193710467482,7
-27.45630987075589,4.025414685014236,6
-59.78996769860398,11.119157815001476,6
-26.898416029756135,6.2409745362835025,7
-29.070726595835886,6.788139704249469,7
-83.96206503844206,4.702748745604648,6
-94.86912453774174,7.5093916176482605,6
-16.591602003153177,1.3154483488736486,8
-40.05063303639702,5.310478915919072,6
-119.56889642363534,17.225908794225695,5
-16.591602003153177,1.3154483488736486,8
-83.96206503844206,4.702748745604648,6
-40.05063303639702,5.310478915919072,6
-82.38435241626135,20.429332447233882,7
-82.38435241626135,20.429332447233882,7
-24.611729199822168,0.5356092691226164,7
-22.660121309794192,0.9711695556908673,7
-27.438893480697487,4.039274300520048,7
-21.68504547532726,1.1924677327746545,7
-13.887436502830342,2.90972367999352,6
-66.07477644991368,11.726749908776007,6
-46.85764534686072,12.90450352305991,7
-46.01537859529599,9.0177414738003,5
-66.07477644991368,11.726749908776007,6
-50.981586132011635,3.81909609269122,6
-15.829291986498447,2.522981242140276,7
-15.829291986498447,2.522981242140276,7
-154.7097998432033,0.11150274530453261,5
-14.638271910286202,1.742294674594911,6
-16.605743557363077,1.2787721323132322,3
-33.51158129981074,3.6726629048495445,6
-111.86376629007569,14.852975378972566,5
-35.37939054961218,7.355936853233258,6
-45.36817882624498,6.173424948023293,5
-139.95837472834395,16.703277441560047,5
-146.7672381429763,5.924931260623253,5
-118.11588057629932,-3.0094598064716234,5
-57.95488842316755,16.615880724047987,5
-111.86376629007569,14.852975378972566,5
-90.06066836420862,13.611688400815119,6
-60.582157147659714,19.1367849342311,6
-33.41039818870832,-1.4372122304784865,5
-27.434131541708034,-5.188014622954448,6
-43.48919335832562,2.4127738240222234,5
-43.48919335832562,2.4127738240222234,5
-35.353295160768475,7.378005530551588,6
-33.96477899023798,5.619166461821849,6
-27.434131541708034,-5.188014622954448,6
-33.41039818870832,-1.4372122304784865,5
-13.678196192584648,2.0251171288037217,6
-35.137299485338126,-2.846062733908026,7
-17.585067273014094,1.1151530284349243,5
-50.144667447217046,9.182032379211249,5
-17.606677311764646,1.1665574021043688,6
-20.505656186152446,0.4516634758697689,5
-55.095312630243455,3.930390146755109,6
-15.822446857144735,2.3753976808657504,6
-111.6468897419976,13.806885538830858,5
-29.41797833002456,3.6142655254868767,6
-21.690502202478786,1.1937296420210406,6
-73.11083308771572,11.119422616680179,6
-25.606136956269737,0.3300983214086579,6
-26.277171483285294,3.313843820910711,6
-46.87204182455606,3.763880346631741,6
-45.89491784211952,3.97901062413874,6
-100.57819874225446,10.268067032058232,5
-24.499594287182802,4.562740629019463,5
-24.499594287182802,4.562740629019463,5
-18.673254786104078,5.9999769670604435,6
-24.498981039751428,4.560350679168011,5
-18.673254786104078,5.9999769670604435,6
-47.046284765967116,-4.506602220072944,6
-19.505632979850166,0.6184870025456136,5
-123.65396868901962,-1.177890784877453,5
-116.2087789831753,15.864074652113873,5
-63.924116769907656,11.251256585919721,6
-47.046284765967116,-4.506602220072944,6
-19.505632979850166,0.6184870025456136,5
-15.640078842520369,1.5525872201803876,6
-15.640078842520369,1.5525872201803876,6
-20.50179294920321,0.4573087000790974,6
-45.04275472443832,9.392801793224935,6
-38.17628889196492,1.5840378384817697,6
-45.04275472443832,9.392801793224935,6
-29.399126063531558,3.5660441769990348,5
-48.813177350961446,3.285316732658775,4
-80.37867373970859,2.36640190640228,6
-50.89525642527366,17.135273940912676,6
-14.867702714323407,2.7308749155568766,4
-112.14909009185158,-6.7770068990404795,5
-110.95352598533229,-7.5279667621025945,5
-42.85776206886151,8.720444895050068,6
-14.63587000754501,1.6900152177099086,5
-14.63587000754501,1.6900152177099086,5
-15.61776478615953,1.4796277099887094,5
-22.557263153534635,5.042020727371922,7
-89.76108415558629,35.071767704160855,7
-38.73921091713634,-0.5218459496772011,6
-49.24608850906883,5.243006972534769,7
-103.3707499698029,-4.783807341943054,5
-52.839204979841156,7.701901021058555,8
-13.670828669316311,1.9768395856917793,7
-77.67699694915514,4.025827982949996,5
-150.31042177018406,-10.150605018379634,6
-77.67699694915514,4.025827982949996,5
-43.835765413883585,-0.6942540800435564,5
-41.36608482962437,11.174426268076168,5
-112.86883808864287,5.415317339676031,5
-24.61111463115944,0.4668822386314522,6
-18.536012627937392,0.8257537165455358,6
-30.267875962625727,-1.7192066479554124,6
-23.754897325052998,5.776942249883306,6
-23.87653487379432,1.7730773453231057,4
-36.65545317041048,3.88914872931992,6
-14.888336865294358,2.7765287538790115,5
-36.65545317041048,3.88914872931992,6
-64.44760561397368,-0.16242977664108546,6
-24.64202199771044,0.5717170394022416,6
-21.606237598364014,5.38766602554138,7
-56.33287577536509,13.961495916005092,6
-65.74214637469018,-3.5260195984908234,6
-41.2419488099294,6.171890324103835,6
-60.99366720102751,11.864162183320344,5
-16.587345914751086,1.2327623300534454,5
-32.14478466120182,11.209223624537966,6
-30.383135069150537,3.37667593729489,5
-102.58106766536098,-12.834489868688529,6
-75.30003020470421,11.710837197291433,5
-75.30003020470421,11.710837197291433,5
-30.268800423206674,7.424709064168997,6
-17.3501388945748,0.09382106625949785,5
-16.815032584542696,2.2484911717626774,5
-112.69595059144656,-8.928814024286616,5
-104.45342768285467,-9.125592719789992,5
-33.08568091577703,1.7012805667595159,5
-48.40075716923929,10.659226209433976,6
-61.12673883856715,7.842127850896082,5
-61.12673883856715,7.842127850896082,5
-15.63616171201172,1.5484555548952854,5
-15.63616171201172,1.5484555548952854,5
-31.686687146953116,0.004946824202034254,6
-86.2478730844233,1.1044807225288988,5
-31.686687146953116,0.004946824202034254,6
-19.53082521162065,0.6455516022697365,5
-46.46218044656356,11.081775297783011,6
-86.21102042053417,-8.128851105685538,4
-109.49364856787315,22.51310283255027,5
-37.346620718916704,16.140375019994508,5
-149.8922047697741,-2.9803386453240366,5
-148.15945390431148,-1.5659417414409211,5
-23.879188270638863,1.7899014999345648,7
-60.98109545385325,11.871412375867363,6
-42.4277878911069,6.782473643699424,5
-70.84288751565369,5.54031330320186,5
-42.4277878911069,6.782473643699424,5
-70.84288751565369,5.54031330320186,5
-42.4277878911069,6.782473643699424,5
-11.766114226095139,2.505547829510062,7
-20.74836677552178,1.495942730704616,5
-14.65154386647447,1.8072830980856056,4
-29.406719282540426,3.6187540029866057,7
-149.61391574595373,-8.884112520521725,6
-32.86451578526619,0.7130449831905052,5
-158.7800937910037,0.16793532729021896,5
-73.96029562290077,5.8407986779989285,5
-31.129859047539885,2.1992267922871083,6
-29.733834229268435,0.4457703265907087,5
-55.99347406742967,7.849081134243294,5
-32.86451578526619,0.7130449831905052,5
-45.88363814125009,13.125466633432566,7
-20.514279435400226,0.491386116998589,6
-13.702227239391316,2.079637833091064,4
-20.514279435400226,0.491386116998589,6
-44.171450672348534,5.413527248031453,5
-28.22116989000812,2.8622513117862245,6
-13.666434602842369,1.966063881831362,6
-55.847319616618684,2.697014754466709,5
-52.20151642557599,13.821493480685524,5
-16.827811171352575,2.317584656201119,6
-15.837399226178364,2.4619740265450085,6
-33.417160352970875,7.797237652798734,5
-15.837399226178364,2.4619740265450085,6
-50.386432883558285,19.42474300464835,5
-13.68170095314349,2.000369540718572,5
-154.22748352890915,-1.9144498420651133,5
-13.68170095314349,2.000369540718572,5
-18.011754647584592,3.0155040640866466,6
-32.76896151265656,4.876577146953439,5
-18.011754647584592,3.0155040640866466,6
-32.7760545449774,4.89046510118189,5
-94.64011722907408,24.827230057449388,5
-52.08612442429179,8.705489325238606,5
-42.187203123414626,5.714336307819423,5
-31.70097432416204,9.2466796228037,6
-63.49727106710968,18.485292657524592,5
-15.629994808835166,1.6015861510753602,5
-155.8628233168682,0.7951949759461904,5
-15.629994808835166,1.6015861510753602,5
-41.78594779267509,3.9144074299010274,5
-39.82980160839496,4.3269886629400895,5
-9.562844263972174,1.9114390728302961,5
-17.586536881763816,1.1272687228491276,5
-14.676739685487984,1.8475800081817852,3
-93.26772496687082,-8.695172277849203,5
-63.900865661970904,1.9872042445685554,5
-123.53751929833611,-6.265017426719795,5
-127.12025670383058,-3.997071953281705,5
-46.76714490612514,8.013562617973825,6
-26.057129635004056,2.3340142332761182,6
-26.057129635004056,2.3340142332761182,6
-74.09615544851772,1.7540510146965183,5
-19.50885764769773,0.6236574020562043,6
-91.44562299243,6.025321000863249,6
-26.057129635004056,2.3340142332761182,6
-24.32526239634183,3.7456773377674644,6
-86.68680201146083,3.065391188815383,4
-14.430831082245046,0.7872279775986147,4
-55.03113395180865,-1.0745924169014947,5
-20.636766195539394,5.603413372993156,5
-39.51506142256686,7.5235426391827716,5
-36.45568472435107,3.0860076432911603,6
-34.93277967129558,5.394853450221118,6
-86.44776499172899,2.0234685375178874,5
-112.68817399411158,-8.946149141096148,5
-34.956561687487984,5.428652116839066,5
-48.93164217585372,-0.7748172608172003,5
-79.62227919121207,3.5677309571754448,5
-35.938364354042086,5.236753067383029,6
-48.93164217585372,-0.7748172608172003,5
-50.34629647886181,0.9787768947773796,5
-23.55770865260294,4.907336430067024,5
-47.55534411326164,6.750646712869065,5
-23.55770865260294,4.907336430067024,5
-110.99301268136716,10.890874537884933,5
-50.02803958667781,4.124787792683303,5
-131.70485360033788,7.309358008721963,5
-12.711671175840012,2.2770832704515103,4
-13.682265009786441,2.009407444846627,5
-51.65118173640941,6.837020250613395,6
-11.523261757778714,1.5089193377460421,5
-11.523261757778714,1.5089193377460421,5
-62.40566022557475,13.712888845545196,6
-38.62663434680144,3.549211867484484,5
-14.436626533160474,0.83880479750835,5
-20.638349955334004,5.591540013091147,5
-73.67000354503885,-0.14662312444853312,5
-39.931581188527694,0.2233226646168654,5
-23.782530112108812,5.898154059579488,5
-23.782530112108812,5.898154059579488,5
-60.65928261596047,5.810806556750431,6
-107.50860538872847,4.498989235647628,5
-41.140011522618884,10.168188822280408,5
-18.14902428786019,8.225670247069273,6
-141.65248495113494,-3.165539412914515,5
-19.449463749968746,4.847137782095433,5
-103.90399288725814,2.178571406203785,5
-103.0339246709728,-1.7187889321043164,5
-29.8577285124616,5.571153339212625,6
-58.15349113312993,-0.8029211924474984,6
-69.75725344093048,0.6874017452346306,5
-32.784735004401035,4.918262862645744,6
-29.8577285124616,5.571153339212625,6
-42.66100558756251,7.804582539962369,5
-42.66100558756251,7.804582539962369,5
-69.56206415855975,8.950918272724952,5
-42.66100558756251,7.804582539962369,5
-34.194459286058546,6.621047179063617,6
-50.5718355479169,11.167008015131723,6
-35.38721989559324,7.449581464477713,6
-32.341229643897236,2.949027767952556,5
-32.341229643897236,2.949027767952556,5
-92.9906186156349,12.879838837106067,5
-103.34715077470119,-14.02364858832647,5
-35.14178355683618,-2.8371980695397765,5
-20.185409760223347,3.606673729746355,6
-35.14178355683618,-2.8371980695397765,5
-45.24481172670179,1.0570600313537852,6
-49.36749126235725,1.1565403984504572,6
-74.73738113487943,-4.528945292063044,5
-98.37808945766572,-8.77676925025255,5
-96.88042610567523,2.836049655549914,6
-32.660154159535004,-0.1964046198665748,5
-96.88042610567523,2.836049655549914,6
-144.45863085639976,-8.926156471306177,5
-145.4327912587124,-9.148408702946018,5
-43.05495992797123,-8.677857623296818,6
-44.249492525500386,-7.921512301105899,6
-17.06064245028714,3.3406113936798745,5
-47.94879564743927,-5.122887158984851,6
-18.787819251105557,1.9325369554026122,6
-34.61627064591672,-0.6143408591340892,5
-94.27445935533002,0.35287375574783514,5
-46.445898667388,1.8537967462016878,6
-37.987776004751524,0.7025531655120946,5
-99.25694777866988,4.307646953947705,5
-37.987776004751524,0.7025531655120946,5
-87.22499636975564,0.9089893609542848,5
-61.82205293173909,-2.6898162917415305,5
-61.82205293173909,-2.6898162917415305,5
-60.64065694921282,5.7743309893493535,6
-60.64065694921282,5.7743309893493535,6
-120.61451021592264,-5.599714223168813,5
-83.8599739752088,-0.39380263148788847,6
-132.21923780797144,-4.106692292855093,5
-88.52044730028469,-2.4563930169973203,6
-14.121873713549666,3.9933228995321217,5
-26.77758611807678,1.1097803321147606,6
-59.96397215303616,-6.380999407809762,5
-67.60279861997024,9.364114642348735,5
-45.462168623655685,11.247911833217735,7
-14.65873337678366,1.7917668416346877,6
-14.65873337678366,1.7917668416346877,6
-110.99372951197431,1.7326996920997813,5
-18.249076817241395,4.06681417621689,5
-86.87323443003692,-5.077185428918186,7
-47.85808910025089,3.5767658933851236,6
-18.3460311250363,-0.05668342279937772,6
-10.520743149319658,1.7385802571144684,7
-10.517968987448443,1.724880255581501,7
-10.520743149319658,1.7385802571144684,7
-12.495681854779226,1.2620579655927917,5
-15.422228869520383,0.6257931959419766,6
-14.445317271873074,0.853395715350514,5
-24.823702021373546,1.4622967989321176,6
-41.33917657350631,11.122581991886003,5
-7.607949280370789,2.403208004986308,4
-44.03577122223663,9.457543860273221,6
-41.33917657350631,11.122581991886003,5
-30.921526330973492,1.1982449329387705,6
-30.373025365685994,12.561595846139566,6
-50.3694062075057,10.194442644580645,5
-59.44510133361998,-4.171500694153603,5
-23.345981821316947,3.9662305314395176,5
-44.37864476874406,6.5316397199735885,7
-38.32059395818781,6.763540842900919,5
-38.32059395818781,6.763540842900919,5
-16.838673260214115,2.3695026456761434,5
-39.29502031663129,6.556299564334427,5
-8.584213106139623,2.166208973669668,7
-39.29502031663129,6.556299564334427,5
-51.23746645051727,23.34226514687679,8
-26.828876309433724,10.404904725989418,6
-9.781213724385747,2.9231909837048278,4
-26.828876309433724,10.404904725989418,6
-54.15950145228707,22.5727414163842,3
-57.51777243116864,23.83883548319026,4
-25.841956686397882,10.52251436917295,5
-59.478179916385066,14.271995502894944,5
-105.35135368631443,13.26435736857873,7
-105.35135368631443,13.26435736857873,7
-29.168901271554237,2.5966592264843222,7
-28.130818714215888,7.023800522830252,5
-35.0202478193312,1.2834333411333658,7
-34.761496725250005,13.730142346267796,5
-73.67503316746816,18.215654416357644,6
-91.64570648469342,-11.36483760268425,5
-46.55489225828917,16.10809351644517,6
-33.22351689738699,6.88730396320925,5
-33.22351689738699,6.88730396320925,5
-40.58450036011748,3.1627965331733163,6
-33.22351689738699,6.88730396320925,5
-33.75974938098544,4.715615802746087,5
-23.33313000526376,3.907302017412358,5
-23.33313000526376,3.907302017412358,5
-124.63354071574568,-1.3636863318120307,5
-62.52154613052532,27.908520342444408,6
-62.52154613052532,27.908520342444408,6
-15.748205118879936,6.7147707017733484,7
-62.52154613052532,27.908520342444408,6
-49.257517107285224,5.321611827403074,7
-34.81733824901869,9.476563043549325,7
-26.601328065163845,9.405427503156917,6
-86.1337529132665,-3.9722466494799202,5
-89.05082553505265,-4.57627143915885,6
-25.834645879662457,1.3652439311867732,5
-85.59278575924598,-1.8021183928558595,5
-86.1337529132665,-3.9722466494799202,5
-87.32615960377814,-3.214158638995104,5
-26.167274274085713,7.462099685910648,6
-24.21335982791372,7.8926492302846025,6
-26.601328065163845,9.405427503156917,6
-47.76418152624081,16.928391348679458,6
-48.634160925720536,20.841038864936632,6
-52.66274304559729,25.056218018359537,5
-52.86890091904925,16.802969016862562,4
-10.956797945708312,3.633762239946072,7
-10.94882749554957,3.617515155112475,7
-17.03756486507973,3.3263435763299873,7
-15.097086028732459,3.7860845022306764,4
-48.634160925720536,20.841038864936632,6
-73.80410120276127,14.141578723700603,6
-89.71561623403927,-1.705253446722057,5
-22.571810779927652,5.106427042159169,5
-40.613030838176435,21.613979766776033,6
-28.33013507104847,7.979863221252098,6
-89.71561623403927,-1.705253446722057,5
-73.80410120276127,14.141578723700603,6
-31.13991669570811,2.1872913418496274,5
-28.968880757471037,1.644833573396486,6
-60.86439158651481,15.981380143499758,7
-69.35499345271656,17.23665520000931,6
-101.55791522033086,0.7196272189598754,5
-57.20930932773486,17.881756615366267,5
-87.32356910019223,-3.217344176057212,5
-19.645649707775892,5.736666308933006,6
-87.32356910019223,-3.217344176057212,5
-89.492273357472,-2.679502932192253,6
-47.77108730033643,16.940807223273385,6
-45.564602731782536,7.185964809644617,7
-47.77108730033643,16.940807223273385,6
-45.564602731782536,7.185964809644617,7
-11.953751835058883,3.4527438090870053,3
-40.13233993606898,1.2128037736972463,5
-35.60527552673373,8.397677855593688,7
-35.60527552673373,8.397677855593688,7
-19.910626325931624,6.859124228716618,7
-19.910626325931624,6.859124228716618,7
-115.39452872707943,-10.585441034629616,5
-78.63710514566613,-5.345659392134983,5
-10.002129653608426,3.9384539603098037,6
-66.86368230095567,19.822381901107917,6
-12.156379177294152,4.434411741574471,6
-11.280438487426082,0.5386520995531487,6
-9.389884343289806,1.005789982674745,6
-8.566546521344561,2.1296879201829833,6
-10.317429341497753,0.7497363561002939,7
-12.156379177294152,4.434411741574471,6
-6.400736643937242,1.6137954048964778,6
-61.93407646420308,-6.6855955775545395,5
-49.56546603416782,15.597871965095841,6
-83.97907914686071,13.907532495362817,6
-53.08637296467958,26.991035172590855,6
-24.522920863829423,4.6756260023495475,5
-83.97907914686071,13.907532495362817,6
-53.08637296467958,26.991035172590855,6
-49.56546603416782,15.597871965095841,6
-30.27849735535547,7.5163439143007444,5
-86.61984721178608,34.81864447894402,7
-82.50192575521906,34.692798892138214,6
-75.49190030016644,-5.724240374984405,4
-30.27849735535547,7.5163439143007444,5
-20.624828911255218,5.606222796081987,7
-26.051432614780254,2.3567756581870447,5
-39.82998644853122,4.3582503697526045,5
-70.6504778702298,13.82200792273864,6
-39.82998644853122,4.3582503697526045,5
-26.051432614780254,2.3567756581870447,5
-74.2974707812272,2.7649356528704243,6
-74.2974707812272,2.7649356528704243,6
-26.552820113561676,0.047611589069570456,4
-45.9097362327714,13.293005897744568,7
-12.167161918551379,4.465110891756243,5
-27.11791022000779,7.190374893640882,7
-18.458759259848808,5.065614850435333,7
-53.47690965174081,1.2367967305131613,7
-45.99174385929224,-0.1570415966950972,7
-25.72821672806455,5.503054429484407,7
-20.929321182360848,2.397244900563358,7
-25.71993772404056,5.459256453789373,7
-12.909167387034099,3.239191391739845,7
-22.562530794694545,5.146035707728815,7
-22.562530794694545,5.146035707728815,7
-22.562530794694545,5.146035707728815,7
-12.909167387034099,3.239191391739845,7
-10.966914590703352,3.663442887524669,7
-9.753582860068736,2.8706337386225207,7
-11.944220000981476,3.4790892650921736,6
-24.307926504291956,3.721146786264765,5
-10.741680143714277,2.668885899466489,6
-52.2738346657047,0.5040763424613433,6
-40.50413080051537,16.54810230136253,7
-33.752130952296795,4.68455646357322,5
-40.90851701397814,9.224683812402393,6
-19.004886691840756,2.879424487658221,5
-16.84076338999809,2.36316074784402,5
-30.61207236292022,13.578597152316359,6
-40.90851701397814,9.224683812402393,6
-51.984558795427986,12.896462377205992,6
-10.959344868909852,3.6559127195106838,7
-115.19248168344679,-2.3437002999811343,5
-51.11557415768013,18.21054213406645,6
-22.915512532494557,2.0416669960650817,5
-10.952768051566741,3.6031930515987054,6
-10.952768051566741,3.6031930515987054,6
-13.881548755922523,2.9685678838873604,7
-12.915238606350691,3.206059272605983,5
-14.135405763643549,4.021781455567839,7
-77.82250422641143,18.370305443460172,5
-77.82250422641143,18.370305443460172,5
-122.80297327690934,4.151369961736269,5
-30.18019425983839,2.4753909548555506,7
-6.381373901765845,1.4959766108901846,5
-18.230775490222214,4.046483200257441,6
-30.05838207682141,6.496995818064866,5
-79.35013723228393,34.46055962397165,6
-18.230775490222214,4.046483200257441,6
-6.381373901765845,1.4959766108901846,5
-12.163966705289013,4.439207129589327,6
-7.365317827354562,1.3496563354803586,7
-75.86741238074818,18.805050464573185,5
-30.40876365432946,12.600552389959823,5
-23.436893459531213,9.00883773175278,6
-30.40876365432946,12.600552389959823,5
-73.04406735917057,15.346394917712448,5
-52.3396597050026,18.98285497546761,6
-73.04406735917057,15.346394917712448,5
-90.1368460375104,0.17484024856948577,5
-44.06644131150439,9.549849314496376,6
-11.29174121547848,0.6059510883275514,7
-11.29174121547848,0.6059510883275514,7
-10.531539863794242,1.6550618989957067,6
-13.13260204301519,4.263411036471219,6
-12.920659913198719,3.2472196060381453,7
-52.525842329706066,19.88791054781367,7
-29.07548290023589,6.753007694315052,7
-8.572758998629409,2.203276120494467,7
-49.712210470565054,16.461954579812833,5
-8.572758998629409,2.203276120494467,7
-29.07548290023589,6.753007694315052,7
-26.904841899061477,6.214967970741688,7
-25.942329976482124,6.460371482772645,7
-59.2482060604684,13.28565745814705,5
-13.121501861624942,4.194228475508464,7
-21.060227622690686,7.513886603883272,6
-33.53616142404326,3.7159274835010487,5
-34.96465929644022,14.663585693052474,6
-7.382872408643463,1.3967631297581253,6
-29.289074785546333,7.690862616412615,6
-29.829129149726157,5.577965352542908,7
-114.10524452433457,11.259637876813727,6
-114.10524452433457,11.259637876813727,6
-24.53510457732762,4.732240870930486,5
-8.337317521854873,1.112454440104777,6
-8.337317521854873,1.112454440104777,6
-9.564448532216053,1.9497808281627287,5
-9.328525992890995,0.9733943538525764,6
-20.089553309820193,7.761597188825807,7
-45.57966638173567,7.1527586373234895,6
-38.07568807705841,5.798446053027785,6
-56.76879925022523,15.974359469919927,5
-75.23192442595101,25.112416693911406,6
-20.089553309820193,7.761597188825807,7
-15.530156524005488,5.744041563359686,7
-16.50520486843646,5.509561342481289,7
-14.678073603776728,1.8130038333347505,5
-29.31717523961057,7.753869490028735,6
-50.020362592861446,4.086060230130265,6
-17.571744266301515,1.1034168538323332,7
-39.73402593104788,17.7322814536797,7
-58.927043115638455,7.234676479029157,5
-46.36962162183684,15.24072786699734,7
-42.54086254737925,11.926004060031067,6
-34.631788275348335,8.605255192729786,5
-28.122327081627176,6.993222146278427,6
-42.54086254737925,11.926004060031067,6
-41.93982733370165,9.057032400960082,7
-54.24841409397162,0.17162731074539314,6
-43.975940921992894,22.916681849577003,6
-51.02744253845703,22.335253068061416,6
-55.574057920028274,15.179637439264889,5
-14.203990007736111,-0.1745633840849166,6
-17.789099958765767,2.0941141022099674,6
-55.574057920028274,15.179637439264889,5
-47.308525179433616,5.707337067817714,5
-28.454060094439818,13.148476262167312,5
-21.370997737653607,4.4208233534905474,7
-76.13027271546251,-12.01296687374886,6
-76.13027271546251,-12.01296687374886,6
-10.315992055810908,0.7529366106311115,7
-93.86782101407563,7.608262868153156,5
-57.18691158910907,17.841433167039014,7
-10.315992055810908,0.7529366106311115,7
-8.34299092320144,1.0699300389464799,6
-17.022678976673074,3.3173694485216423,8
-15.84269659553151,2.572881957573863,6
-17.782362004783383,2.0931435712607582,6
-10.742608665137396,2.6945967787199434,6
-20.73491959930601,1.4738308186859441,6
-28.113057889419785,7.047900522581585,7
-10.294599229932249,0.6627161264180845,7
-10.294599229932249,0.6627161264180845,7
-56.76932789748297,15.929907212611802,5
-40.14331096887546,10.395118617441328,7
-96.29331006788965,9.171193445381029,5
-80.30858815289521,15.761287164605754,6
-39.5076218879877,7.507933600099387,6
-96.29331006788965,9.171193445381029,5
-75.11510386002797,29.183091741355774,7
-8.345645058242484,1.1345335947623127,6
-8.394185419134306,1.2086950435646975,5
-8.394185419134306,1.2086950435646975,5
-279.3904164976214,-24.19619344494531,7
-8.3353866070526,1.1241217869175517,6
-290.12287855380544,-26.60427869750315,7
-74.99249604822052,14.90523171559242,6
-64.45909119143712,18.295106816297494,6
-74.99249604822052,14.90523171559242,6
-71.11001885304745,25.006565875904045,5
-9.35189127972592,0.9832117882371366,7
-33.103386352659825,10.988908268932226,6
-44.6961846257341,12.371756347265777,7
-44.6961846257341,12.371756347265777,7
-81.27183315510871,24.723278456490732,8
-20.184561182471747,3.6515327520071628,6
-17.70012082354752,6.282637521801452,6
-32.53925760884032,3.9305642755354255,7
-18.49418951748661,5.12608752938952,6
-20.72343601469046,1.4377054361456816,5
-18.49418951748661,5.12608752938952,6
-18.556495581792497,0.8924430498257006,5
-16.594313491191368,1.3966436732694367,7
-18.556495581792497,0.8924430498257006,5
-40.04549878083011,14.56199368053093,6
-27.351929823109852,8.211605305463815,6
-33.11526974800756,11.033885217403958,6
-27.351929823109852,8.211605305463815,6
-27.78432042083419,10.154333487341763,6
-50.55102040514048,2.02026804746,5
-18.443615358663084,5.069186839802901,6
-25.491460434865022,4.483178371037965,7
-13.47724694854483,1.0460437160538347,5
-70.18677265411368,11.814759574804519,6
-14.869749955237934,2.7595484709974634,6
-58.60135172217555,10.474097450432767,7
-35.35595230978647,-1.8131324407960014,6
-10.311672805122871,0.6889650120597285,6
-84.32064596269107,10.905292533340495,6
-23.678466529624036,10.066637257670997,6
-23.678466529624036,10.066637257670997,6
-23.678466529624036,10.066637257670997,6
-26.369751782148704,8.457057672802513,6
-16.071881672437343,3.635496939381468,5
-18.226849103077452,4.11911987187002,8
-31.81128585582889,14.402911460001668,6
-38.001172164090576,19.162690425003174,6
-31.894384664583644,10.168123984477386,6
-13.245836443417106,0.12753228425951058,4
-29.0767988941311,6.749949007331158,7
-11.281705623119107,0.6046563095642946,6
-56.338387239591064,14.032739062445831,6
-92.86134610746855,7.769603251298217,5
-73.4469794025608,8.029886087852875,6
-10.745096834592601,2.6518502827658925,6
-144.1088936833156,26.062750088804986,5
-40.89842016099347,9.28701340715349,7
-19.682440135396657,5.87466538481264,7
-15.835323333199963,2.565075692521585,7
-53.4881653741767,10.520639331113957,6
-13.877589455857363,2.953975359182483,6
-13.877589455857363,2.953975359182483,6
-97.98825936002382,7.708321512117273,5
-87.31615847795976,-3.248411403023751,6
-84.20986231098816,14.881971239539734,6
-74.42665861038857,7.864802080157378,6
-12.92670091997205,3.262369423618978,6
-22.92370179700305,11.235233511675238,6
-75.86779046932443,18.81859765051206,5
-56.44877907709758,19.062116990279073,6
-21.707355240702064,1.2405324855274704,6
-14.889402502221001,2.7972337898213957,7
-22.354138812814988,4.194335380398734,6
-11.92475117705088,3.410277054730382,6
-12.475587419952365,1.3052782200007806,7
-71.70342487614609,0.3540040300619269,6
-38.95086888408664,0.4360312558973348,5
-40.68457849069535,8.22531854127145,6
-72.31609856490704,35.015283030367485,6
-38.95086888408664,0.4360312558973348,5
-95.5957025785832,24.619899882362102,7
-101.94959737067518,-6.40671770873157,7
-57.41680737992734,9.66950990355662,6
-38.394881016178935,2.574592062664625,5
-20.71058570801902,1.415417989330803,7
-23.008383612520362,7.068481178474023,6
-21.056435189321004,7.546846958048944,7
-22.573365773448128,5.113712021176526,5
-22.573365773448128,5.113712021176526,5
-40.262897751847156,6.273079264478813,5
-59.96412799585335,-6.365628383878235,5
-53.071427099017946,17.796680927591094,7
-44.58821167560067,-1.7703056014983365,6
-14.653447420351297,1.8322729564241929,6
-12.692579455316343,2.20928237652938,6
-48.52642799457921,15.747060060418718,6
-16.58514714185756,1.3532330914122634,6
-69.01648953561568,11.112970586107965,6
-69.01648953561568,11.112970586107965,6
-67.97565794575577,33.94428351487145,6
-50.82746691282444,12.222273484442423,4
-11.94158139309305,3.495519341973267,7
-79.73435843795774,-0.42979478583761266,5
-48.16434721075245,0.4392411576632905,6
-48.16434721075245,0.4392411576632905,6
-11.707914489285315,2.427026593791954,5
-61.551610355345765,28.110914868016753,6
-62.93062933907265,2.250630429490131,5
-118.42047559920242,-15.29177290958403,5
-39.26274179221734,-2.648512855519463,6
-12.97018892567248,3.3414766613774765,5
-39.26274179221734,-2.648512855519463,6
-118.42047559920242,-15.29177290958403,5
-19.532335279226633,0.6754095465032783,4
-20.730719045451885,1.4975538389753118,6
-12.932159429139931,3.262271680646584,5
-42.30827083227221,1.799039588698495,7
-12.932772676571307,3.2646616304980367,5
-65.63809916875753,0.6184056490278413,6
-59.1505383231158,8.241781675546745,6
-96.65806833825351,1.8370539743060346,6
-9.55951229865805,1.915067266413327,6
-79.18577984401854,1.6798971711050614,6
-96.65806833825351,1.8370539743060346,6
-9.55951229865805,1.915067266413327,6
-10.747286801800225,2.6918482513083815,7
-12.909212258486603,3.218821571669046,8
-81.30314322465343,15.519477422587572,5
-48.08599656021608,13.795044446969388,7
-48.08599656021608,13.795044446969388,7
-48.08599656021608,13.795044446969388,7
-55.87795597118311,11.959043657217126,5
-48.08599656021608,13.795044446969388,7
-26.38784801276647,8.446627775115031,7
-16.295871570383813,4.54064401565284,6
-56.44382385934387,9.864216831861302,5
-16.295871570383813,4.54064401565284,6
-13.66845272404632,1.983747009640479,6
-9.981494381320152,3.8185302633833818,6
-32.56361127012994,13.14340158129785,6
-79.17516463379064,-7.560885195285577,6
-81.50043060096469,25.745767054488475,6
-25.065388764058167,2.5369238001099252,6
-54.14165094211655,13.4028881451242,6
-46.5255433211453,6.883138486049439,6
-46.5255433211453,6.883138486049439,6
-93.96546258466721,12.680080716402918,6
-24.28818574218649,3.699475483722215,6
-21.142890713514994,3.3087434859639124,6
-78.97246248747314,0.6531229661876776,5
-50.720857427747106,16.271275851389102,5
-22.140730059442642,3.161035787443878,5
-89.69629235822394,-1.6020524614388298,7
-68.46366923437176,4.07138284990432,5
-59.772715354823134,1.9597837422003488,6
-98.22174862639544,27.119811648794055,5
-68.46366923437176,4.07138284990432,5
-38.0851708403301,5.698134501841812,4
-19.863219461770615,6.838417912429423,6
-111.56588383983107,-18.708804090763273,4
-18.025123508356167,3.0846080964132314,6
-19.863219461770615,6.838417912429423,6
-25.95296452015573,6.433087834466098,4
-21.84276401466405,6.424229750592506,4
-66.32868142727648,21.9582098677271,5
-69.44581579517848,13.022937811459698,5
-42.19403087765308,5.865993998190582,6
-86.00586369745807,-9.09789803855264,5
-171.87988666559175,35.36051493685774,6
-36.35881934704113,7.192041428836062,5
-50.02073812462426,4.117457117407365,5
-36.35881934704113,7.192041428836062,5
-39.84489596509355,13.605850193991877,6
-41.25918893431493,15.331356454358328,6
-41.25918893431493,15.331356454358328,6
-64.36008224459425,13.194614214194903,5
-14.881849619272154,2.7899918032078808,5
-13.899693801996387,2.98102737772062,5
-38.424715017586074,11.846639397363914,5
-50.48433258565038,15.338127926190365,5
-67.86218478401312,28.784719255164234,5
-69.87628768199951,-3.3464774274010134,6
-35.38952471130383,7.447162267220904,6
-35.38952471130383,7.447162267220904,6
-58.699812217998634,6.2277976592250965,5
-27.043867553583343,11.37033180442236,4
-71.7346683884059,18.655447055242483,5
-28.119993172580976,6.964654637218169,4
-55.337762060739585,14.190660906181312,6
-38.53585148608694,7.736883731170476,6
-38.53585148608694,7.736883731170476,6
-21.26628629369195,8.470384116966494,6
-54.26959352497421,9.32143548113194,6
-90.90429233331979,8.36502516908775,8
-64.1244832649076,12.335862546177474,6
-67.59010282311048,9.419340721635292,6
-48.30968646184727,14.80338915284179,5
-50.28270232006164,23.513767386859797,5
-38.74361776056149,8.707921663354565,6
-81.78509511404509,-5.072244180870742,6
-10.33889178151963,0.7874279847419039,4
-10.324696993062231,0.7416558474900005,6
-81.78509511404509,-5.072244180870742,6
-9.31863563695945,0.9165496524374499,7
-58.720863855351546,15.498723631957109,6
-58.720863855351546,15.498723631957109,6
-23.333747680821556,3.9631711314593203,6
-70.94709400256669,1.4538459959765668,6
-38.970931768761915,9.700821067925743,5
-50.11305949949564,9.127482893534241,5
-33.86521015292652,9.84144398759769,6
-7.3765595574687035,1.429747488646167,5
-111.63257274451655,-4.534803390966943,5
-111.63257274451655,-4.534803390966943,5
-12.920693952771012,3.2341433173226735,5
-63.91026255231247,11.242403337539809,6
-30.288090103295005,7.601397681079908,6
-12.92956098249249,3.2174460232847357,4
-63.91026255231247,11.242403337539809,6
-86.71260814403229,32.81044875180558,5
-86.71260814403229,32.81044875180558,5
-31.474079625115664,8.31774367948017,6
-19.868661383674404,6.854856980928739,6
-9.777412392470543,2.915041999749743,3
-30.508461333106773,8.592438786580367,6
-59.8921851006834,7.069851675872493,6
-15.401246710837423,0.5958660118507625,6
-72.36886933573763,12.42252833237899,5
-70.85653402883734,5.5804154399658294,5
-91.01992260776643,4.135409045646198,5
-93.49909798911888,1.486274377658199,5
-31.498472387961915,8.332771872500077,4
-93.49909798911888,1.486274377658199,5
-67.28709213777435,12.532221820520489,5
-91.01992260776643,4.135409045646198,5
-28.87377135413437,5.866657445281706,6
-42.967134886162285,4.669183605752272,5
-67.70838026506924,5.291189895395179,6
-72.48738613589951,8.317693754386791,6
-92.41585249745016,-3.3472626997200385,6
-48.28005433243516,5.61240211392663,6
-42.0735970400127,0.7467802351769942,6
-92.41585249745016,-3.3472626997200385,6
-66.28384342553586,3.4846858361381807,6
-88.38436268201173,-7.608596655635488,5
-48.28250732216066,5.621961913332439,6
-19.41868409121085,4.81422871441546,5
-58.147679333515306,8.411889136458429,7
-37.01816618739594,10.13456562224649,6
-37.01816618739594,10.13456562224649,6
-37.01816618739594,10.13456562224649,6
-37.01816618739594,10.13456562224649,6
-39.83694601855796,4.369589984773019,5
-92.41730488864417,-3.3435828501448377,6
-92.41730488864417,-3.3435828501448377,6
-72.0811844505115,15.564067638340376,5
-25.606060542603473,0.347367677882367,6
-49.360637753207186,1.1504626640171665,5
-11.516994124779547,1.4984855054617976,5
-43.085068516156824,9.8360762271977,6
-28.564806917319135,8.957932643899605,5
-28.564806917319135,8.957932643899605,5
-28.564806917319135,8.957932643899605,5
-32.99255048989873,5.8948404269408226,6
-32.99255048989873,5.8948404269408226,6
-32.99255048989873,5.8948404269408226,6
-33.86800504234516,9.79201159042815,6
-32.99255048989873,5.8948404269408226,6
-21.145989893201904,3.3461981243083914,5
-29.41178385593846,3.610486876091624,6
-13.685791652008435,2.0846488619930983,5
-13.150608914154082,4.195904991019887,5
-13.150608914154082,4.195904991019887,5
-44.51148102296904,11.538849226070797,5
-78.12600028052579,15.189552221606366,5
-46.532245337516244,-2.232793425481044,6
-58.58146694069887,1.174873750871447,5
-58.58146694069887,1.174873750871447,5
-28.76260551387804,0.7063492278338811,5
-32.2293071796933,-2.0978356989823705,5
-28.10774383279241,-2.197474036141017,5
-71.18525971930559,11.69029491207832,6
-106.93750741166798,29.29078711633983,5
-28.50889703679301,-0.3853613029248788,6
-39.37690449307549,2.382440748168879,5
-55.43786134273448,0.8426660279358907,5
-28.50889703679301,-0.3853613029248788,6
-63.78069365764193,-3.0815017575307824,4
-32.331289965693124,2.9975000652278836,6
-43.07735965559345,0.5440514291625245,5
-46.001275318622234,-0.10227242950181854,5
-104.32555609352423,-14.187037435011902,6
-75.60830301876845,-0.6122275987280256,6
-8.587525416389036,2.1711335192563523,4
-66.92378885996315,-2.793023863818354,5
-14.660546215640647,1.8439250532945866,6
-66.92378885996315,-2.793023863818354,5
-94.20261715547123,13.677679929940119,5
-31.702314762621658,9.258694320318067,3
-100.32268995098556,-9.209818026065117,5
-31.675921898114094,0.013724494933322062,5
-77.14373712510798,6.320990124385093,6
-29.417203417725165,3.6270446261404445,6
-36.46346610206139,3.0829623279888527,6
-36.46346610206139,3.0829623279888527,6
-25.17975251079624,-1.565160476837588,5
-107.82332084573136,1.3809374493138367,5
-107.82332084573136,1.3809374493138367,5
-86.2453369267858,1.1137454412840355,5
-90.2952643884934,14.540033080953771,5
-24.100121697455542,2.759652508567649,5
-24.100121697455542,2.759652508567649,5
-49.286596248270996,-3.830755769631172,5
-116.09491385170527,10.824850722229241,5
-35.38323331084623,7.480052843596597,6
-33.19294760525434,-2.342807465148232,5
-12.707332101169655,2.246045546134298,5
-61.62617085456667,5.602836053013768,5
-77.0691254677063,10.385259968853692,5
-12.264636517132194,0.25966969442205234,6
-11.507198362614293,1.451483137390217,5
-105.10022589615544,-6.186805556768927,5
-30.07484025636075,6.564827714618281,7
-25.508659948334795,4.522986840439132,6
-144.69926559934234,1.3041472354430317,5
-144.69926559934234,1.3041472354430317,5
-24.623906148198586,0.6213875946080093,6
-13.246926738059368,0.08191911633310146,8
-47.41237309192029,1.635982452130951,6
-37.01021406133205,10.124210520537694,7
-23.139804663947583,3.0150827877922035,6
-61.35372446278398,27.236046373327028,6
-59.261002385185144,22.55283656563433,7
-61.35372446278398,27.236046373327028,6
-16.604107353952763,1.4190311941551763,6
-20.20232461375728,3.6807550570839624,6
-23.139804663947583,3.0150827877922035,6
-89.35368840950522,-7.839093890454872,5
-15.1879585880755,-0.4241604681184893,5
-19.22858186423891,3.8791291739057425,5
-15.1879585880755,-0.4241604681184893,5
-40.59549268032967,12.419973034823697,7
-19.097623281271368,-1.2500076606287869,5
-136.677034425346,2.086238877256672,5
-19.097623281271368,-1.2500076606287869,5
-61.74942667095416,10.694573329715833,5
-62.09999458549155,26.02754869205251,6
-33.23401575577437,6.928451281277556,4
-24.091084067306465,2.7334912942795255,6
-24.091084067306465,2.7334912942795255,6
-63.46523669812358,9.318326511053344,6
-23.65701565407623,0.8351162257908833,5
-59.46962553153613,14.2965935984687,5
-73.58522331901283,22.402804169490597,5
-49.69981874361025,7.270167683558275,5
-74.95342640835331,-3.526301260826356,6
-11.291729757195172,0.5759160614585633,6
-26.71276843092555,5.286676427364415,7
-104.73962818020236,32.90990630597318,6
-104.73962818020236,32.90990630597318,6
-93.61819700195745,6.541009336937382,5
-41.26313709319629,6.152950108030798,5
-8.367707866607581,1.1863326029751617,5
-96.45041537245702,10.113938250358874,6
-30.502651228327373,8.52335300935971,7
-99.71314948729551,-2.8949611209132087,6
-33.12110144074144,10.996479938964427,5
-23.113679254341466,3.020489379712814,5
-96.45020342354998,10.114423725194078,6
-99.71293753838847,-2.8944756460780052,6
-33.12110144074144,10.996479938964427,5
-42.77889544249229,12.928199470518143,5
-61.35285640679955,27.196988911340743,5
-31.478338051842968,8.304466406840623,8
-30.502651228327373,8.52335300935971,7
-18.242457793543995,4.093746245822255,7
-59.711249938219034,24.52589217368585,7
-88.75388091188147,7.704335478285431,5
-23.85015783794459,1.7034684046756001,6
-18.460474849799983,5.0870222624382695,6
-95.06310074139446,17.6166095019084,6
-88.75388091188147,7.704335478285431,5
-21.160266680169123,3.404514419086734,5
-16.057201241755322,3.5564028162521666,7
-69.79850703337027,19.18290994926212,6
-13.91300362476165,3.037032393074173,4
-33.221585921804746,6.891795826598582,6
-41.024708123341675,5.1449945103235075,6
-59.0629189491836,21.56417924326343,5
-59.0629189491836,21.56417924326343,5
-59.38053108033329,18.415519249625223,7
-35.288466336670496,11.55990095355305,4
-59.38053108033329,18.415519249625223,7
-52.096736011485824,8.777594015930562,3
-25.055873237796682,2.473939125505934,5
-17.272430311815516,4.374450899936436,5
-47.868386743026655,12.816735375628905,6
-46.877214871030226,3.8468311436003373,5
-90.5130876244185,28.915014809617684,5
-90.23681019893993,-3.773113179718324,7
-90.5130876244185,28.915014809617684,5
-90.2365982500329,-3.772627704883121,7
-14.256530350947845,-0.08720881680424582,3
-23.56122313659577,4.937378172734108,5
-13.910784326645999,3.046618679589846,4
-23.56122313659577,4.937378172734108,5
-9.34575549642843,0.9652565490833379,4
-12.915996695570952,3.212852381383947,5
-11.513746111634848,1.5213777275505016,4
-26.055884290906512,2.3360888427931203,5
-24.32082279034001,3.762569597596634,5
-18.46798093554921,5.098468922561085,5
-13.68533463223116,2.092822520800986,5
-11.518852611859558,1.5357190650036667,6
-19.205643705503885,3.9020524785492547,6
-13.68533463223116,2.092822520800986,5
-18.774619409857824,1.96526393848485,5
-148.36549651299217,-9.762143740748337,5
-30.510514103156712,8.518278896871507,7
-30.507422410220872,8.518052181812562,6
-148.36549651299217,-9.762143740748337,5
-17.04682494800237,3.3624467141322474,6
-14.126110097509311,4.016057736955059,6
-17.04682494800237,3.3624467141322474,6
-16.291512386542475,4.505020939929745,5
-66.96865459721161,6.476369889235743,5
-61.73673893657546,1.49836483354088,5
-14.885757506874867,2.836427271381414,6
-12.703316415261751,2.270514367050475,6
-12.931992397438027,3.2397976235436277,3
-14.879102240552573,2.8138786407994103,6
-12.703316415261751,2.270514367050475,6
-28.019227807415838,11.123776838640465,6
-20.941534499940815,2.4509745062262107,5
-52.44038071142523,14.872153184906061,6
-30.41342432051225,12.625845964594193,5
-18.90713311662865,7.039551010270249,6
-67.04871787099003,2.3795801422878244,6
-66.854831709521,1.3995111843101784,6
-66.85472573506748,1.3997539217277803,6
-61.53762517674763,9.778491499744105,5
-49.18815968143652,18.677592626712585,6
-20.951974110943354,2.457949941453452,5
-29.323977471574523,7.772652757451805,5
-49.18815968143652,18.677592626712585,6
-24.32630934673087,3.7401043029930183,4
-61.53762517674763,9.778491499744105,5
-65.77218978185836,14.949540459459927,5
-50.58813337151966,11.201386169225094,6
-37.02735292134377,10.126188625898006,5
-40.93096031971543,9.24771650350188,6
-26.60112319711105,9.391375744634445,6
-62.06685810850595,7.556408411095619,6
-59.836557366067595,29.589639268926614,6
-19.438060022972653,4.878646188810725,6
-30.085573168001932,6.593154840856126,5
-25.314078154277,12.742421663204738,6
-88.87000521068525,12.790267568023303,5
-31.045177322921397,6.379241081987374,7
-37.34550109194538,6.975189654200993,6
-49.07105081896466,13.591355133802594,6
-34.54108844026968,12.769952055648952,6
-28.557252761762197,9.002049998485065,5
-65.88977975134524,20.026193332128955,5
-33.55482382624043,3.8030566808778508,6
-51.87028276286537,7.819693471468189,7
-43.32921607513655,19.990793361098476,6
-21.48622727560809,9.413771409704664,6
-21.06089798684925,7.540530387577328,7
-30.731748301151292,9.495462041761119,6
-28.997194783805313,10.901335067159643,5
-27.891610087464258,6.065215357077688,5
-52.82424379901888,7.498407050793311,5
-27.034044608643278,11.34409400727003,8
-29.003624992920127,10.892171583196713,5
-30.198797455925998,11.647058817327975,5
-59.61106576840341,19.452656478204748,6
-31.172430677278214,11.422057654263092,5
-25.633329066517334,9.633231101919115,6
-26.603318569677672,9.390265433176548,7
-22.054993213363407,7.345766677703714,5
-25.633329066517334,9.633231101919115,6
-126.60241087578237,39.248709106674724,5
-134.5045022946032,1.543964593280849,5
-134.5045022946032,1.543964593280849,5
-134.5045022946032,1.543964593280849,5
-22.048316989531646,7.331411552367306,5
-22.048316989531646,7.331411552367306,5
-22.048316989531646,7.331411552367306,5
-46.57436612049585,16.192340566968085,6
-55.89315577286363,12.05814858486758,6
-22.048316989531646,7.331411552367306,5
-46.36182321035569,15.18138253148583,5
-36.36063726135223,7.236536102365891,6
-38.20752090139751,10.929291189363969,6
-27.58342098622669,9.199706659593975,6
-109.04396524748908,11.364160324774227,5
-51.97071757973348,3.7588400118777736,6
-94.81470508688673,2.4729860438462286,6
-22.03740586056247,7.350727726378869,6
-31.69202039738562,9.248301820662931,6
-29.118373715905083,6.859677164035403,6
-22.260258144466427,8.331972861271426,6
-36.37854044009376,16.44689064256636,5
-27.236498412950404,3.118356692587868,6
-36.37854044009376,16.44689064256636,5
-29.09732996505905,6.834393341665667,5
-102.53722735511312,9.78202884253935,5
-38.33105739837682,16.007994936321655,7
-51.55217257890254,10.981363607014217,6
-65.88362408959969,20.047089165523218,6
-31.168577829393115,11.475715281343499,6
-106.85604256259884,10.88052147420898,6
-83.39350642857323,11.060381579454717,5
-39.74175056256477,17.743013605102423,6
-28.776636918437628,9.98178302837504,6
-45.28479297287358,19.57148133686187,6
-43.11763956250207,18.995774854442523,6
-49.845257476983285,21.613339803661006,5
-58.20613055839698,26.927762421928556,6
-45.28479297287358,19.57148133686187,6
-49.84902482124735,21.616405166976318,5
-44.84176988673193,8.426585393810067,6
